refund_id,payment_id,order_id,processor_transaction_id,processor_refund_id,refund_amount,currency,reason,status,initiated_at,completed_at
REF_000022,PAY_000022,ORD_000022,PROC_000022,PRREF_000022,929.00,USD,PARTIAL_RETURN,COMPLETED,2026-03-07 23:47:36,2026-03-07 23:52:36
REF_000030,PAY_000030,ORD_000030,PROC_000030,PRREF_000030,5.79,USD,PARTIAL_RETURN,COMPLETED,2026-02-28 15:04:07,2026-02-28 15:09:07
REF_000037,PAY_000037,ORD_000037,PROC_000037,PRREF_000037,2140.46,GBP,PARTIAL_RETURN,COMPLETED,2026-01-30 14:31:58,2026-01-30 14:36:58
REF_000070,PAY_000070,ORD_000070,PROC_000070,PRREF_000070,3.79,EUR,CUSTOMER_SERVICE_ADJUSTMENT,COMPLETED,2026-02-09 00:10:42,2026-02-09 00:15:42
REF_000071,PAY_000071,ORD_000071,PROC_000071,PRREF_000071,11.62,USD,ITEM_UNAVAILABLE,COMPLETED,2026-03-22 22:59:33,2026-03-22 23:04:33
REF_000077,PAY_000077,ORD_000077,PROC_000077,PRREF_000077,749.25,INR,PARTIAL_RETURN,COMPLETED,2026-02-24 03:32:31,2026-02-24 03:37:31
REF_000082,PAY_000082,ORD_000082,PROC_000082,PRREF_000082,499.00,INR,UNSATISFIED_CUSTOMER,COMPLETED,2026-02-22 19:06:58,2026-02-22 19:11:58
REF_000095,PAY_000095,ORD_000095,PROC_000095,PRREF_000095,8.30,USD,PARTIAL_RETURN,COMPLETED,2026-02-15 18:07:55,2026-02-15 18:12:55
REF_000096,PAY_000096,ORD_000096,PROC_000096,PRREF_000096,1673.12,GBP,ITEM_UNAVAILABLE,COMPLETED,2026-03-02 04:36:38,2026-03-02 04:41:38
REF_000131,PAY_000131,ORD_000131,PROC_000131,PRREF_000131,34.12,EUR,PARTIAL_RETURN,COMPLETED,2026-03-10 11:41:56,2026-03-10 11:46:56
REF_000196,PAY_000196,ORD_000196,PROC_000196,PRREF_000196,468.75,CAD,FULL_RETURN,COMPLETED,2026-01-31 03:53:11,2026-01-31 03:58:11
REF_000200,PAY_000200,ORD_000200,PROC_000200,PRREF_000200,9.40,EUR,ITEM_UNAVAILABLE,COMPLETED,2026-03-07 22:44:30,2026-03-07 22:49:30
REF_000208,PAY_000208,ORD_000208,PROC_000208,PRREF_000208,157.95,EUR,FULL_RETURN,COMPLETED,2026-01-25 10:43:58,2026-01-25 10:48:58
REF_000226,PAY_000226,ORD_000226,PROC_000226,PRREF_000226,3749.25,INR,PARTIAL_RETURN,COMPLETED,2026-02-01 04:14:44,2026-02-01 04:19:44
REF_000230,PAY_000230,ORD_000230,PROC_000230,PRREF_000230,100.20,USD,ITEM_UNAVAILABLE,COMPLETED,2026-02-22 08:06:20,2026-02-22 08:11:20
REF_000297,PAY_000297,ORD_000297,PROC_000297,PRREF_000297,2499.00,INR,FRAUD_SUSPECTED,COMPLETED,2026-03-03 02:16:13,2026-03-03 02:21:13
REF_000312,PAY_000312,ORD_000312,PROC_000312,PRREF_000312,18.90,GBP,PARTIAL_RETURN,COMPLETED,2026-03-08 22:29:21,2026-03-08 22:34:21
REF_000327,PAY_000327,ORD_000327,PROC_000327,PRREF_000327,999.00,INR,UNSATISFIED_CUSTOMER,COMPLETED,2026-02-03 16:04:44,2026-02-03 16:09:44
REF_000339,PAY_000339,ORD_000339,PROC_000339,PRREF_000339,16.75,GBP,FRAUD_SUSPECTED,COMPLETED,2026-03-07 02:47:35,2026-03-07 02:52:35
REF_000353,PAY_000353,ORD_000353,PROC_000353,PRREF_000353,599.25,INR,ITEM_UNAVAILABLE,COMPLETED,2026-01-18 15:44:17,2026-01-18 15:49:17
REF_000407,PAY_000407,ORD_000407,PROC_000407,PRREF_000407,127.62,CAD,CUSTOMER_SERVICE_ADJUSTMENT,COMPLETED,2026-03-20 17:02:45,2026-03-20 17:07:45
REF_000445,PAY_000445,ORD_000445,PROC_000445,PRREF_000445,6.85,GBP,PARTIAL_RETURN,COMPLETED,2026-03-25 06:19:18,2026-03-25 06:24:18
REF_000458,PAY_000458,ORD_000458,PROC_000458,PRREF_000458,443.75,USD,ORDER_CANCELLED,COMPLETED,2026-03-22 16:00:46,2026-03-22 16:05:46
REF_000463,PAY_000463,ORD_000463,PROC_000463,PRREF_000463,33.50,USD,UNSATISFIED_CUSTOMER,COMPLETED,2026-03-13 19:39:45,2026-03-13 19:44:45
REF_000485,PAY_000485,ORD_000485,PROC_000485,PRREF_000485,56.64,EUR,CUSTOMER_SERVICE_ADJUSTMENT,COMPLETED,2026-01-18 20:03:02,2026-01-18 20:08:02
REF_000535,PAY_000535,ORD_000535,PROC_000535,PRREF_000535,45.50,USD,ORDER_CANCELLED,COMPLETED,2026-02-20 20:52:37,2026-02-20 20:57:37
REF_000555,PAY_000555,ORD_000555,PROC_000555,PRREF_000555,159.74,USD,CUSTOMER_SERVICE_ADJUSTMENT,COMPLETED,2026-02-25 18:08:54,2026-02-25 18:13:54
REF_000556,PAY_000556,ORD_000556,PROC_000556,PRREF_000556,7500.00,INR,PARTIAL_RETURN,COMPLETED,2026-03-16 03:49:06,2026-03-16 03:54:06
REF_000575,PAY_000575,ORD_000575,PROC_000575,PRREF_000575,145.62,USD,CUSTOMER_SERVICE_ADJUSTMENT,COMPLETED,2026-01-16 06:36:07,2026-01-16 06:41:07
REF_000595,PAY_000595,ORD_000595,PROC_000595,PRREF_000595,61.90,USD,CUSTOMER_SERVICE_ADJUSTMENT,COMPLETED,2026-03-04 10:58:42,2026-03-04 11:03:42
REF_000618,PAY_000618,ORD_000618,PROC_000618,PRREF_000618,22.50,GBP,ITEM_UNAVAILABLE,COMPLETED,2026-03-14 12:31:48,2026-03-14 12:36:48
REF_000652,PAY_000652,ORD_000652,PROC_000652,PRREF_000652,9.60,USD,ITEM_UNAVAILABLE,COMPLETED,2026-01-27 17:11:51,2026-01-27 17:16:51
REF_000663,PAY_000663,ORD_000663,PROC_000663,PRREF_000663,19.49,USD,PARTIAL_RETURN,COMPLETED,2026-04-03 00:33:45,2026-04-03 00:38:45
REF_000679,PAY_000679,ORD_000679,PROC_000679,PRREF_000679,999.80,INR,CUSTOMER_SERVICE_ADJUSTMENT,COMPLETED,2026-04-01 08:50:38,2026-04-01 08:55:38
REF_000732,PAY_000732,ORD_000732,PROC_000732,PRREF_000732,19.75,GBP,ITEM_UNAVAILABLE,COMPLETED,2026-01-19 08:18:16,2026-01-19 08:23:16
REF_000753,PAY_000753,ORD_000753,PROC_000753,PRREF_000753,617.50,GBP,FRAUD_SUSPECTED,COMPLETED,2026-01-16 05:01:18,2026-01-16 05:06:18
REF_000755,PAY_000755,ORD_000755,PROC_000755,PRREF_000755,24.49,USD,UNSATISFIED_CUSTOMER,COMPLETED,2026-01-15 08:04:54,2026-01-15 08:09:54
REF_000786,PAY_000786,ORD_000786,PROC_000786,PRREF_000786,20.00,GBP,ITEM_UNAVAILABLE,COMPLETED,2026-02-22 11:10:50,2026-02-22 11:15:50
REF_000796,PAY_000796,ORD_000796,PROC_000796,PRREF_000796,925.27,USD,ITEM_UNAVAILABLE,COMPLETED,2026-01-19 19:18:19,2026-01-19 19:23:19
REF_000816,PAY_000816,ORD_000816,PROC_000816,PRREF_000816,41.05,USD,ITEM_UNAVAILABLE,COMPLETED,2026-01-24 13:12:14,2026-01-24 13:17:14
REF_000839,PAY_000839,ORD_000839,PROC_000839,PRREF_000839,90.24,CAD,PARTIAL_RETURN,COMPLETED,2026-02-18 19:43:10,2026-02-18 19:48:10
REF_000840,PAY_000840,ORD_000840,PROC_000840,PRREF_000840,136.25,EUR,FRAUD_SUSPECTED,COMPLETED,2026-01-17 09:54:51,2026-01-17 09:59:51
REF_000848,PAY_000848,ORD_000848,PROC_000848,PRREF_000848,124.60,EUR,ITEM_UNAVAILABLE,COMPLETED,2026-02-17 16:24:12,2026-02-17 16:29:12
REF_000860,PAY_000860,ORD_000860,PROC_000860,PRREF_000860,182.10,GBP,CUSTOMER_SERVICE_ADJUSTMENT,COMPLETED,2026-01-07 14:49:05,2026-01-07 14:54:05
REF_000866,PAY_000866,ORD_000866,PROC_000866,PRREF_000866,96.99,USD,PARTIAL_RETURN,COMPLETED,2026-01-22 12:52:14,2026-01-22 12:57:14
REF_000882,PAY_000882,ORD_000882,PROC_000882,PRREF_000882,241.25,CAD,ITEM_UNAVAILABLE,COMPLETED,2026-02-26 16:10:48,2026-02-26 16:15:48
REF_000886,PAY_000886,ORD_000886,PROC_000886,PRREF_000886,80.00,GBP,UNSATISFIED_CUSTOMER,COMPLETED,2026-03-03 17:36:36,2026-03-03 17:41:36
REF_000894,PAY_000894,ORD_000894,PROC_000894,PRREF_000894,83.00,GBP,UNSATISFIED_CUSTOMER,COMPLETED,2026-03-01 01:24:21,2026-03-01 01:29:21
REF_000922,PAY_000922,ORD_000922,PROC_000922,PRREF_000922,299.00,INR,FRAUD_SUSPECTED,COMPLETED,2026-01-27 17:42:00,2026-01-27 17:47:00
REF_000935,PAY_000935,ORD_000935,PROC_000935,PRREF_000935,375.25,GBP,ITEM_UNAVAILABLE,COMPLETED,2026-01-07 14:23:32,2026-01-07 14:28:32
REF_000951,PAY_000951,ORD_000951,PROC_000951,PRREF_000951,62.00,GBP,UNSATISFIED_CUSTOMER,COMPLETED,2026-02-25 22:37:37,2026-02-25 22:42:37
REF_001008,PAY_001008,ORD_001008,PROC_001008,PRREF_001008,1874.25,INR,CUSTOMER_SERVICE_ADJUSTMENT,COMPLETED,2026-03-31 16:46:58,2026-03-31 16:51:58
REF_001054,PAY_001054,ORD_001054,PROC_001054,PRREF_001054,264.80,EUR,FRAUD_SUSPECTED,COMPLETED,2026-03-11 18:49:15,2026-03-11 18:54:15
REF_001080,PAY_001080,ORD_001080,PROC_001080,PRREF_001080,641.62,EUR,ITEM_UNAVAILABLE,COMPLETED,2026-03-05 18:04:10,2026-03-05 18:09:10
REF_001149,PAY_001149,ORD_001149,PROC_001149,PRREF_001149,302.88,USD,ITEM_UNAVAILABLE,COMPLETED,2026-04-06 07:06:03,2026-04-06 07:11:03
REF_001154,PAY_001154,ORD_001154,PROC_001154,PRREF_001154,40.12,USD,PARTIAL_RETURN,COMPLETED,2026-03-10 11:54:00,2026-03-10 11:59:00
REF_001158,PAY_001158,ORD_001158,PROC_001158,PRREF_001158,2499.00,INR,ORDER_CANCELLED,COMPLETED,2026-03-23 00:37:37,2026-03-23 00:42:37
REF_001239,PAY_001239,ORD_001239,PROC_001239,PRREF_001239,558.49,EUR,FRAUD_SUSPECTED,COMPLETED,2026-03-16 04:07:45,2026-03-16 04:12:45
REF_001240,PAY_001240,ORD_001240,PROC_001240,PRREF_001240,172.50,EUR,PARTIAL_RETURN,COMPLETED,2026-03-12 17:14:39,2026-03-12 17:19:39
REF_001242,PAY_001242,ORD_001242,PROC_001242,PRREF_001242,14.96,USD,PARTIAL_RETURN,COMPLETED,2026-02-26 01:42:59,2026-02-26 01:47:59
REF_001245,PAY_001245,ORD_001245,PROC_001245,PRREF_001245,279.00,USD,PARTIAL_RETURN,COMPLETED,2026-02-26 10:40:25,2026-02-26 10:45:25
REF_001287,PAY_001287,ORD_001287,PROC_001287,PRREF_001287,88.48,EUR,PARTIAL_RETURN,COMPLETED,2026-01-27 06:42:41,2026-01-27 06:47:41
REF_001328,PAY_001328,ORD_001328,PROC_001328,PRREF_001328,1261.00,EUR,UNSATISFIED_CUSTOMER,COMPLETED,2026-02-21 18:27:14,2026-02-21 18:32:14
REF_001349,PAY_001349,ORD_001349,PROC_001349,PRREF_001349,281.00,USD,ITEM_UNAVAILABLE,COMPLETED,2026-03-11 09:23:02,2026-03-11 09:28:02
REF_001388,PAY_001388,ORD_001388,PROC_001388,PRREF_001388,374.25,INR,PARTIAL_RETURN,COMPLETED,2026-03-28 09:07:34,2026-03-28 09:12:34
REF_001394,PAY_001394,ORD_001394,PROC_001394,PRREF_001394,389.49,EUR,ORDER_CANCELLED,COMPLETED,2026-01-18 17:15:41,2026-01-18 17:20:41
REF_001396,PAY_001396,ORD_001396,PROC_001396,PRREF_001396,170.50,USD,ORDER_CANCELLED,COMPLETED,2026-02-11 08:24:57,2026-02-11 08:29:57
REF_001406,PAY_001406,ORD_001406,PROC_001406,PRREF_001406,8.00,EUR,CUSTOMER_SERVICE_ADJUSTMENT,COMPLETED,2026-02-24 06:20:01,2026-02-24 06:25:01
REF_001417,PAY_001417,ORD_001417,PROC_001417,PRREF_001417,42.95,GBP,ORDER_CANCELLED,COMPLETED,2026-01-25 11:10:35,2026-01-25 11:15:35
REF_001420,PAY_001420,ORD_001420,PROC_001420,PRREF_001420,2669.50,GBP,FRAUD_SUSPECTED,COMPLETED,2026-01-20 05:28:03,2026-01-20 05:33:03
REF_001445,PAY_001445,ORD_001445,PROC_001445,PRREF_001445,289.90,USD,PARTIAL_RETURN,COMPLETED,2026-03-06 06:34:57,2026-03-06 06:39:57
REF_001461,PAY_001461,ORD_001461,PROC_001461,PRREF_001461,11.74,CAD,ITEM_UNAVAILABLE,COMPLETED,2026-02-19 06:20:09,2026-02-19 06:25:09
REF_001479,PAY_001479,ORD_001479,PROC_001479,PRREF_001479,68.30,EUR,PARTIAL_RETURN,COMPLETED,2026-02-11 19:57:13,2026-02-11 20:02:13
REF_001484,PAY_001484,ORD_001484,PROC_001484,PRREF_001484,23.96,USD,ITEM_UNAVAILABLE,COMPLETED,2026-03-25 01:27:06,2026-03-25 01:32:06
REF_001505,PAY_001505,ORD_001505,PROC_001505,PRREF_001505,6.90,EUR,PARTIAL_RETURN,COMPLETED,2026-02-02 07:48:35,2026-02-02 07:53:35
REF_001515,PAY_001515,ORD_001515,PROC_001515,PRREF_001515,12.90,USD,CUSTOMER_SERVICE_ADJUSTMENT,COMPLETED,2026-03-27 08:56:20,2026-03-27 09:01:20
REF_001518,PAY_001518,ORD_001518,PROC_001518,PRREF_001518,1120.88,USD,PARTIAL_RETURN,COMPLETED,2026-01-21 07:04:22,2026-01-21 07:09:22
REF_001535,PAY_001535,ORD_001535,PROC_001535,PRREF_001535,33.00,EUR,UNSATISFIED_CUSTOMER,COMPLETED,2026-04-01 09:38:06,2026-04-01 09:43:06
REF_001556,PAY_001556,ORD_001556,PROC_001556,PRREF_001556,2930.99,GBP,ORDER_CANCELLED,COMPLETED,2026-01-14 18:10:40,2026-01-14 18:15:40
REF_001562,PAY_001562,ORD_001562,PROC_001562,PRREF_001562,77.21,EUR,CUSTOMER_SERVICE_ADJUSTMENT,COMPLETED,2026-03-24 11:26:01,2026-03-24 11:31:01
REF_001600,PAY_001600,ORD_001600,PROC_001600,PRREF_001600,9.82,USD,CUSTOMER_SERVICE_ADJUSTMENT,COMPLETED,2026-02-17 21:27:03,2026-02-17 21:32:03
REF_001603,PAY_001603,ORD_001603,PROC_001603,PRREF_001603,355.95,USD,FULL_RETURN,COMPLETED,2026-03-24 02:43:23,2026-03-24 02:48:23
REF_001608,PAY_001608,ORD_001608,PROC_001608,PRREF_001608,22.80,EUR,ORDER_CANCELLED,COMPLETED,2026-02-13 08:16:35,2026-02-13 08:21:35
REF_001650,PAY_001650,ORD_001650,PROC_001650,PRREF_001650,535.25,GBP,FULL_RETURN,COMPLETED,2026-01-21 18:18:32,2026-01-21 18:23:32
REF_001665,PAY_001665,ORD_001665,PROC_001665,PRREF_001665,11250.00,INR,CUSTOMER_SERVICE_ADJUSTMENT,COMPLETED,2026-03-17 07:36:58,2026-03-17 07:41:58
REF_001673,PAY_001673,ORD_001673,PROC_001673,PRREF_001673,2320.88,USD,CUSTOMER_SERVICE_ADJUSTMENT,COMPLETED,2026-01-29 08:53:59,2026-01-29 08:58:59
REF_001693,PAY_001693,ORD_001693,PROC_001693,PRREF_001693,266.90,CAD,PARTIAL_RETURN,COMPLETED,2026-02-28 04:16:21,2026-02-28 04:21:21
REF_001707,PAY_001707,ORD_001707,PROC_001707,PRREF_001707,2999.25,INR,CUSTOMER_SERVICE_ADJUSTMENT,COMPLETED,2026-01-11 22:20:16,2026-01-11 22:25:16
REF_001710,PAY_001710,ORD_001710,PROC_001710,PRREF_001710,45.58,GBP,CUSTOMER_SERVICE_ADJUSTMENT,COMPLETED,2026-03-14 01:44:45,2026-03-14 01:49:45
REF_001711,PAY_001711,ORD_001711,PROC_001711,PRREF_001711,73.49,USD,UNSATISFIED_CUSTOMER,COMPLETED,2026-01-02 09:58:48,2026-01-02 10:03:48
REF_001740,PAY_001740,ORD_001740,PROC_001740,PRREF_001740,23.68,USD,PARTIAL_RETURN,COMPLETED,2026-02-01 22:23:31,2026-02-01 22:28:31
REF_001747,PAY_001747,ORD_001747,PROC_001747,PRREF_001747,341.25,CAD,FULL_RETURN,COMPLETED,2026-03-16 22:41:15,2026-03-16 22:46:15
REF_001762,PAY_001762,ORD_001762,PROC_001762,PRREF_001762,12.60,EUR,CUSTOMER_SERVICE_ADJUSTMENT,COMPLETED,2026-03-05 11:05:22,2026-03-05 11:10:22
REF_001768,PAY_001768,ORD_001768,PROC_001768,PRREF_001768,112.50,EUR,CUSTOMER_SERVICE_ADJUSTMENT,COMPLETED,2026-03-24 09:49:30,2026-03-24 09:54:30
REF_001776,PAY_001776,ORD_001776,PROC_001776,PRREF_001776,48.98,USD,CUSTOMER_SERVICE_ADJUSTMENT,COMPLETED,2026-02-26 01:25:54,2026-02-26 01:30:54
REF_001780,PAY_001780,ORD_001780,PROC_001780,PRREF_001780,299.00,INR,UNSATISFIED_CUSTOMER,COMPLETED,2026-03-14 10:20:56,2026-03-14 10:25:56
REF_001781,PAY_001781,ORD_001781,PROC_001781,PRREF_001781,513.75,EUR,ORDER_CANCELLED,COMPLETED,2026-03-26 17:05:39,2026-03-26 17:10:39
REF_001792,PAY_001792,ORD_001792,PROC_001792,PRREF_001792,16.10,USD,CUSTOMER_SERVICE_ADJUSTMENT,COMPLETED,2026-03-25 22:19:06,2026-03-25 22:24:06
REF_001809,PAY_001809,ORD_001809,PROC_001809,PRREF_001809,222.25,USD,FRAUD_SUSPECTED,COMPLETED,2026-03-08 07:35:13,2026-03-08 07:40:13
REF_001811,PAY_001811,ORD_001811,PROC_001811,PRREF_001811,103.05,USD,ITEM_UNAVAILABLE,COMPLETED,2026-01-28 11:05:07,2026-01-28 11:10:07
REF_001813,PAY_001813,ORD_001813,PROC_001813,PRREF_001813,103.69,USD,PARTIAL_RETURN,COMPLETED,2026-04-02 00:51:22,2026-04-02 00:56:22
REF_001822,PAY_001822,ORD_001822,PROC_001822,PRREF_001822,11.05,EUR,CUSTOMER_SERVICE_ADJUSTMENT,COMPLETED,2026-02-02 09:00:20,2026-02-02 09:05:20
REF_001827,PAY_001827,ORD_001827,PROC_001827,PRREF_001827,42.75,USD,ITEM_UNAVAILABLE,COMPLETED,2026-04-04 16:26:13,2026-04-04 16:31:13
REF_001835,PAY_001835,ORD_001835,PROC_001835,PRREF_001835,1499.00,INR,FULL_RETURN,COMPLETED,2026-02-28 22:13:46,2026-02-28 22:18:46
REF_001836,PAY_001836,ORD_001836,PROC_001836,PRREF_001836,165.75,GBP,CUSTOMER_SERVICE_ADJUSTMENT,COMPLETED,2026-03-07 12:30:32,2026-03-07 12:35:32
REF_001845,PAY_001845,ORD_001845,PROC_001845,PRREF_001845,72.08,GBP,PARTIAL_RETURN,COMPLETED,2026-01-15 19:42:55,2026-01-15 19:47:55
REF_001860,PAY_001860,ORD_001860,PROC_001860,PRREF_001860,640.80,EUR,UNSATISFIED_CUSTOMER,COMPLETED,2026-04-04 23:23:07,2026-04-04 23:28:07
REF_001885,PAY_001885,ORD_001885,PROC_001885,PRREF_001885,1022.48,EUR,PARTIAL_RETURN,COMPLETED,2026-02-08 16:43:11,2026-02-08 16:48:11
REF_001922,PAY_001922,ORD_001922,PROC_001922,PRREF_001922,249.80,USD,UNSATISFIED_CUSTOMER,COMPLETED,2026-03-26 19:46:59,2026-03-26 19:51:59
REF_001977,PAY_001977,ORD_001977,PROC_001977,PRREF_001977,15000.00,INR,FULL_RETURN,COMPLETED,2026-02-12 06:04:14,2026-02-12 06:09:14
REF_001993,PAY_001993,ORD_001993,PROC_001993,PRREF_001993,308.80,USD,FULL_RETURN,COMPLETED,2026-03-20 11:46:25,2026-03-20 11:51:25
REF_002036,PAY_002036,ORD_002036,PROC_002036,PRREF_002036,831.75,GBP,ITEM_UNAVAILABLE,COMPLETED,2026-01-20 01:49:51,2026-01-20 01:54:51
REF_002041,PAY_002041,ORD_002041,PROC_002041,PRREF_002041,253.12,USD,ITEM_UNAVAILABLE,COMPLETED,2026-02-04 04:39:18,2026-02-04 04:44:18
REF_002057,PAY_002057,ORD_002057,PROC_002057,PRREF_002057,188.25,EUR,FRAUD_SUSPECTED,COMPLETED,2026-03-30 21:46:20,2026-03-30 21:51:20
REF_002078,PAY_002078,ORD_002078,PROC_002078,PRREF_002078,38.00,USD,ORDER_CANCELLED,COMPLETED,2026-02-14 12:12:24,2026-02-14 12:17:24
REF_002087,PAY_002087,ORD_002087,PROC_002087,PRREF_002087,30.07,USD,ITEM_UNAVAILABLE,COMPLETED,2026-02-16 23:32:17,2026-02-16 23:37:17
REF_002131,PAY_002131,ORD_002131,PROC_002131,PRREF_002131,32.25,EUR,ITEM_UNAVAILABLE,COMPLETED,2026-02-04 05:05:21,2026-02-04 05:10:21
REF_002132,PAY_002132,ORD_002132,PROC_002132,PRREF_002132,2214.75,USD,FRAUD_SUSPECTED,COMPLETED,2026-04-04 11:00:56,2026-04-04 11:05:56
REF_002143,PAY_002143,ORD_002143,PROC_002143,PRREF_002143,2443.80,EUR,UNSATISFIED_CUSTOMER,COMPLETED,2026-02-04 09:39:01,2026-02-04 09:44:01
REF_002163,PAY_002163,ORD_002163,PROC_002163,PRREF_002163,621.00,CAD,UNSATISFIED_CUSTOMER,COMPLETED,2026-03-05 08:12:47,2026-03-05 08:17:47
REF_002169,PAY_002169,ORD_002169,PROC_002169,PRREF_002169,24.80,GBP,ORDER_CANCELLED,COMPLETED,2026-02-09 02:27:21,2026-02-09 02:32:21
REF_002170,PAY_002170,ORD_002170,PROC_002170,PRREF_002170,22.49,CAD,FRAUD_SUSPECTED,COMPLETED,2026-03-06 17:07:07,2026-03-06 17:12:07
REF_002197,PAY_002197,ORD_002197,PROC_002197,PRREF_002197,14.40,USD,CUSTOMER_SERVICE_ADJUSTMENT,COMPLETED,2026-01-11 11:33:25,2026-01-11 11:38:25
REF_002200,PAY_002200,ORD_002200,PROC_002200,PRREF_002200,669.60,EUR,CUSTOMER_SERVICE_ADJUSTMENT,COMPLETED,2026-03-23 22:41:32,2026-03-23 22:46:32
REF_002205,PAY_002205,ORD_002205,PROC_002205,PRREF_002205,2942.80,EUR,ORDER_CANCELLED,COMPLETED,2026-01-25 17:59:20,2026-01-25 18:04:20
REF_002213,PAY_002213,ORD_002213,PROC_002213,PRREF_002213,56.99,GBP,CUSTOMER_SERVICE_ADJUSTMENT,COMPLETED,2026-03-06 02:40:17,2026-03-06 02:45:17
REF_002219,PAY_002219,ORD_002219,PROC_002219,PRREF_002219,80.06,GBP,CUSTOMER_SERVICE_ADJUSTMENT,COMPLETED,2026-03-18 01:58:45,2026-03-18 02:03:45
REF_002222,PAY_002222,ORD_002222,PROC_002222,PRREF_002222,3999.00,INR,UNSATISFIED_CUSTOMER,COMPLETED,2026-01-09 18:22:02,2026-01-09 18:27:02
REF_002235,PAY_002235,ORD_002235,PROC_002235,PRREF_002235,103.42,GBP,ITEM_UNAVAILABLE,COMPLETED,2026-03-14 00:44:59,2026-03-14 00:49:59
REF_002243,PAY_002243,ORD_002243,PROC_002243,PRREF_002243,509.75,EUR,FULL_RETURN,COMPLETED,2026-02-08 07:43:49,2026-02-08 07:48:49
REF_002267,PAY_002267,ORD_002267,PROC_002267,PRREF_002267,3000.00,INR,CUSTOMER_SERVICE_ADJUSTMENT,COMPLETED,2026-03-29 04:03:37,2026-03-29 04:08:37
REF_002274,PAY_002274,ORD_002274,PROC_002274,PRREF_002274,320.38,GBP,ITEM_UNAVAILABLE,COMPLETED,2026-02-12 00:17:11,2026-02-12 00:22:11
REF_002309,PAY_002309,ORD_002309,PROC_002309,PRREF_002309,89.99,USD,CUSTOMER_SERVICE_ADJUSTMENT,COMPLETED,2026-01-25 12:21:40,2026-01-25 12:26:40
REF_002311,PAY_002311,ORD_002311,PROC_002311,PRREF_002311,99.80,INR,CUSTOMER_SERVICE_ADJUSTMENT,COMPLETED,2026-03-24 02:38:24,2026-03-24 02:43:24
REF_002327,PAY_002327,ORD_002327,PROC_002327,PRREF_002327,283.50,CAD,ITEM_UNAVAILABLE,COMPLETED,2026-01-07 17:24:28,2026-01-07 17:29:28
REF_002328,PAY_002328,ORD_002328,PROC_002328,PRREF_002328,20.00,EUR,CUSTOMER_SERVICE_ADJUSTMENT,COMPLETED,2026-02-02 16:44:41,2026-02-02 16:49:41
REF_002339,PAY_002339,ORD_002339,PROC_002339,PRREF_002339,74.20,EUR,ITEM_UNAVAILABLE,COMPLETED,2026-03-03 01:36:08,2026-03-03 01:41:08
REF_002382,PAY_002382,ORD_002382,PROC_002382,PRREF_002382,145.80,GBP,UNSATISFIED_CUSTOMER,COMPLETED,2026-02-26 02:05:19,2026-02-26 02:10:19
REF_002399,PAY_002399,ORD_002399,PROC_002399,PRREF_002399,20.24,GBP,CUSTOMER_SERVICE_ADJUSTMENT,COMPLETED,2026-04-01 16:30:39,2026-04-01 16:35:39
REF_002433,PAY_002433,ORD_002433,PROC_002433,PRREF_002433,749.50,INR,PARTIAL_RETURN,COMPLETED,2026-03-16 00:54:14,2026-03-16 00:59:14
REF_002438,PAY_002438,ORD_002438,PROC_002438,PRREF_002438,3007.25,USD,ORDER_CANCELLED,COMPLETED,2026-02-28 09:16:58,2026-02-28 09:21:58
REF_002449,PAY_002449,ORD_002449,PROC_002449,PRREF_002449,249.50,INR,CUSTOMER_SERVICE_ADJUSTMENT,COMPLETED,2026-03-07 18:48:36,2026-03-07 18:53:36
REF_002492,PAY_002492,ORD_002492,PROC_002492,PRREF_002492,50.24,GBP,PARTIAL_RETURN,COMPLETED,2026-01-31 03:18:26,2026-01-31 03:23:26
REF_002520,PAY_002520,ORD_002520,PROC_002520,PRREF_002520,2999.25,INR,CUSTOMER_SERVICE_ADJUSTMENT,COMPLETED,2026-02-01 04:36:05,2026-02-01 04:41:05
REF_002545,PAY_002545,ORD_002545,PROC_002545,PRREF_002545,191.24,GBP,CUSTOMER_SERVICE_ADJUSTMENT,COMPLETED,2026-03-13 06:35:26,2026-03-13 06:40:26
REF_002546,PAY_002546,ORD_002546,PROC_002546,PRREF_002546,303.99,CAD,FRAUD_SUSPECTED,COMPLETED,2026-03-05 00:14:59,2026-03-05 00:19:59
REF_002553,PAY_002553,ORD_002553,PROC_002553,PRREF_002553,285.00,GBP,PARTIAL_RETURN,COMPLETED,2026-01-19 23:15:36,2026-01-19 23:20:36
REF_002567,PAY_002567,ORD_002567,PROC_002567,PRREF_002567,11.34,CAD,ITEM_UNAVAILABLE,COMPLETED,2026-03-27 04:20:16,2026-03-27 04:25:16
REF_002609,PAY_002609,ORD_002609,PROC_002609,PRREF_002609,9999.00,INR,UNSATISFIED_CUSTOMER,COMPLETED,2026-02-08 07:18:07,2026-02-08 07:23:07
REF_002613,PAY_002613,ORD_002613,PROC_002613,PRREF_002613,128.24,EUR,PARTIAL_RETURN,COMPLETED,2026-03-04 10:02:44,2026-03-04 10:07:44
REF_002624,PAY_002624,ORD_002624,PROC_002624,PRREF_002624,999.50,INR,PARTIAL_RETURN,COMPLETED,2026-03-17 19:34:01,2026-03-17 19:39:01
REF_002637,PAY_002637,ORD_002637,PROC_002637,PRREF_002637,15.94,USD,ITEM_UNAVAILABLE,COMPLETED,2026-01-18 01:19:38,2026-01-18 01:24:38
REF_002654,PAY_002654,ORD_002654,PROC_002654,PRREF_002654,145.69,USD,PARTIAL_RETURN,COMPLETED,2026-01-18 04:33:04,2026-01-18 04:38:04
REF_002694,PAY_002694,ORD_002694,PROC_002694,PRREF_002694,544.25,USD,UNSATISFIED_CUSTOMER,COMPLETED,2026-03-25 21:44:02,2026-03-25 21:49:02
REF_002729,PAY_002729,ORD_002729,PROC_002729,PRREF_002729,2224.99,EUR,UNSATISFIED_CUSTOMER,COMPLETED,2026-02-04 11:25:13,2026-02-04 11:30:13
REF_002755,PAY_002755,ORD_002755,PROC_002755,PRREF_002755,299.00,INR,UNSATISFIED_CUSTOMER,COMPLETED,2026-02-22 09:01:41,2026-02-22 09:06:41
REF_002790,PAY_002790,ORD_002790,PROC_002790,PRREF_002790,56.62,GBP,PARTIAL_RETURN,COMPLETED,2026-03-28 23:42:42,2026-03-28 23:47:42
REF_002806,PAY_002806,ORD_002806,PROC_002806,PRREF_002806,35.75,EUR,UNSATISFIED_CUSTOMER,COMPLETED,2026-02-07 00:56:22,2026-02-07 01:01:22
REF_002815,PAY_002815,ORD_002815,PROC_002815,PRREF_002815,468.99,GBP,ORDER_CANCELLED,COMPLETED,2026-02-23 02:58:13,2026-02-23 03:03:13
REF_002818,PAY_002818,ORD_002818,PROC_002818,PRREF_002818,18.95,EUR,UNSATISFIED_CUSTOMER,COMPLETED,2026-04-02 20:40:25,2026-04-02 20:45:25
REF_002888,PAY_002888,ORD_002888,PROC_002888,PRREF_002888,32.25,USD,FRAUD_SUSPECTED,COMPLETED,2026-03-01 12:27:41,2026-03-01 12:32:41
REF_002889,PAY_002889,ORD_002889,PROC_002889,PRREF_002889,138.00,EUR,ITEM_UNAVAILABLE,COMPLETED,2026-01-18 11:23:37,2026-01-18 11:28:37
REF_002892,PAY_002892,ORD_002892,PROC_002892,PRREF_002892,79.95,USD,FRAUD_SUSPECTED,COMPLETED,2026-03-25 19:10:21,2026-03-25 19:15:21
REF_002915,PAY_002915,ORD_002915,PROC_002915,PRREF_002915,3050.99,GBP,FRAUD_SUSPECTED,COMPLETED,2026-03-21 02:09:29,2026-03-21 02:14:29
REF_002929,PAY_002929,ORD_002929,PROC_002929,PRREF_002929,458.95,GBP,FULL_RETURN,COMPLETED,2026-03-17 05:15:39,2026-03-17 05:20:39
REF_002955,PAY_002955,ORD_002955,PROC_002955,PRREF_002955,100.16,EUR,ITEM_UNAVAILABLE,COMPLETED,2026-02-02 12:24:40,2026-02-02 12:29:40
REF_002962,PAY_002962,ORD_002962,PROC_002962,PRREF_002962,529.99,USD,ORDER_CANCELLED,COMPLETED,2026-02-04 08:56:08,2026-02-04 09:01:08
REF_002963,PAY_002963,ORD_002963,PROC_002963,PRREF_002963,38.75,USD,FULL_RETURN,COMPLETED,2026-01-09 20:29:30,2026-01-09 20:34:30
REF_002966,PAY_002966,ORD_002966,PROC_002966,PRREF_002966,597.99,EUR,FRAUD_SUSPECTED,COMPLETED,2026-02-26 17:13:39,2026-02-26 17:18:39
REF_002983,PAY_002983,ORD_002983,PROC_002983,PRREF_002983,46.80,USD,CUSTOMER_SERVICE_ADJUSTMENT,COMPLETED,2026-02-21 06:03:31,2026-02-21 06:08:31
REF_002990,PAY_002990,ORD_002990,PROC_002990,PRREF_002990,21.90,EUR,ITEM_UNAVAILABLE,COMPLETED,2026-04-04 07:08:48,2026-04-04 07:13:48
REF_003069,PAY_003069,ORD_003069,PROC_003069,PRREF_003069,21.25,EUR,ORDER_CANCELLED,COMPLETED,2026-03-16 04:51:01,2026-03-16 04:56:01
REF_003072,PAY_003072,ORD_003072,PROC_003072,PRREF_003072,184.12,GBP,CUSTOMER_SERVICE_ADJUSTMENT,COMPLETED,2026-04-01 14:20:58,2026-04-01 14:25:58
REF_003134,PAY_003134,ORD_003134,PROC_003134,PRREF_003134,217.00,GBP,ITEM_UNAVAILABLE,COMPLETED,2026-03-25 06:42:23,2026-03-25 06:47:23
REF_003142,PAY_003142,ORD_003142,PROC_003142,PRREF_003142,56.75,EUR,FRAUD_SUSPECTED,COMPLETED,2026-03-16 04:34:26,2026-03-16 04:39:26
REF_003146,PAY_003146,ORD_003146,PROC_003146,PRREF_003146,449.44,CAD,PARTIAL_RETURN,COMPLETED,2026-03-31 08:22:12,2026-03-31 08:27:12
REF_003162,PAY_003162,ORD_003162,PROC_003162,PRREF_003162,999.80,INR,ITEM_UNAVAILABLE,COMPLETED,2026-02-07 02:27:50,2026-02-07 02:32:50
REF_003163,PAY_003163,ORD_003163,PROC_003163,PRREF_003163,2975.00,GBP,ORDER_CANCELLED,COMPLETED,2026-02-10 04:03:38,2026-02-10 04:08:38
REF_003177,PAY_003177,ORD_003177,PROC_003177,PRREF_003177,49.88,GBP,ITEM_UNAVAILABLE,COMPLETED,2026-01-12 03:07:35,2026-01-12 03:12:35
REF_003186,PAY_003186,ORD_003186,PROC_003186,PRREF_003186,1111.90,GBP,PARTIAL_RETURN,COMPLETED,2026-01-07 11:03:58,2026-01-07 11:08:58
REF_003226,PAY_003226,ORD_003226,PROC_003226,PRREF_003226,999.00,INR,FULL_RETURN,COMPLETED,2026-03-21 10:25:47,2026-03-21 10:30:47
REF_003237,PAY_003237,ORD_003237,PROC_003237,PRREF_003237,1278.60,EUR,PARTIAL_RETURN,COMPLETED,2026-01-22 10:27:19,2026-01-22 10:32:19
REF_003263,PAY_003263,ORD_003263,PROC_003263,PRREF_003263,89.39,GBP,PARTIAL_RETURN,COMPLETED,2026-02-25 15:08:16,2026-02-25 15:13:16
REF_003297,PAY_003297,ORD_003297,PROC_003297,PRREF_003297,82.36,EUR,PARTIAL_RETURN,COMPLETED,2026-01-29 02:04:08,2026-01-29 02:09:08
REF_003306,PAY_003306,ORD_003306,PROC_003306,PRREF_003306,1124.25,INR,CUSTOMER_SERVICE_ADJUSTMENT,COMPLETED,2026-01-21 15:01:14,2026-01-21 15:06:14
REF_003309,PAY_003309,ORD_003309,PROC_003309,PRREF_003309,82.44,EUR,ITEM_UNAVAILABLE,COMPLETED,2026-02-12 19:14:55,2026-02-12 19:19:55
REF_003325,PAY_003325,ORD_003325,PROC_003325,PRREF_003325,284.50,EUR,FULL_RETURN,COMPLETED,2026-01-25 15:59:41,2026-01-25 16:04:41
REF_003353,PAY_003353,ORD_003353,PROC_003353,PRREF_003353,72.95,GBP,ORDER_CANCELLED,COMPLETED,2026-02-04 22:19:31,2026-02-04 22:24:31
REF_003363,PAY_003363,ORD_003363,PROC_003363,PRREF_003363,95.50,EUR,PARTIAL_RETURN,COMPLETED,2026-02-23 21:56:50,2026-02-23 22:01:50
REF_003403,PAY_003403,ORD_003403,PROC_003403,PRREF_003403,815.98,EUR,CUSTOMER_SERVICE_ADJUSTMENT,COMPLETED,2026-03-14 03:08:31,2026-03-14 03:13:31
REF_003432,PAY_003432,ORD_003432,PROC_003432,PRREF_003432,26.80,USD,ORDER_CANCELLED,COMPLETED,2026-02-01 06:04:57,2026-02-01 06:09:57
REF_003440,PAY_003440,ORD_003440,PROC_003440,PRREF_003440,19.25,USD,FULL_RETURN,COMPLETED,2026-03-10 17:02:21,2026-03-10 17:07:21
REF_003452,PAY_003452,ORD_003452,PROC_003452,PRREF_003452,3999.00,INR,ORDER_CANCELLED,COMPLETED,2026-01-12 13:16:31,2026-01-12 13:21:31
REF_003457,PAY_003457,ORD_003457,PROC_003457,PRREF_003457,149.50,INR,CUSTOMER_SERVICE_ADJUSTMENT,COMPLETED,2026-01-28 00:16:47,2026-01-28 00:21:47
REF_003463,PAY_003463,ORD_003463,PROC_003463,PRREF_003463,2499.50,INR,ITEM_UNAVAILABLE,COMPLETED,2026-01-07 12:14:27,2026-01-07 12:19:27
REF_003481,PAY_003481,ORD_003481,PROC_003481,PRREF_003481,42.25,GBP,FULL_RETURN,COMPLETED,2026-01-31 17:56:22,2026-01-31 18:01:22
REF_003516,PAY_003516,ORD_003516,PROC_003516,PRREF_003516,15.99,GBP,FRAUD_SUSPECTED,COMPLETED,2026-02-10 17:31:45,2026-02-10 17:36:45
REF_003518,PAY_003518,ORD_003518,PROC_003518,PRREF_003518,143.98,EUR,ITEM_UNAVAILABLE,COMPLETED,2026-04-02 01:06:43,2026-04-02 01:11:43
REF_003526,PAY_003526,ORD_003526,PROC_003526,PRREF_003526,7499.25,INR,ITEM_UNAVAILABLE,COMPLETED,2026-03-23 23:41:50,2026-03-23 23:46:50
REF_003543,PAY_003543,ORD_003543,PROC_003543,PRREF_003543,756.54,USD,CUSTOMER_SERVICE_ADJUSTMENT,COMPLETED,2026-01-08 19:55:02,2026-01-08 20:00:02
REF_003557,PAY_003557,ORD_003557,PROC_003557,PRREF_003557,38.50,GBP,CUSTOMER_SERVICE_ADJUSTMENT,COMPLETED,2026-01-20 08:37:50,2026-01-20 08:42:50
REF_003597,PAY_003597,ORD_003597,PROC_003597,PRREF_003597,470.75,GBP,FRAUD_SUSPECTED,COMPLETED,2026-01-29 10:32:12,2026-01-29 10:37:12
REF_003603,PAY_003603,ORD_003603,PROC_003603,PRREF_003603,25.00,USD,CUSTOMER_SERVICE_ADJUSTMENT,COMPLETED,2026-02-23 18:53:03,2026-02-23 18:58:03
REF_003611,PAY_003611,ORD_003611,PROC_003611,PRREF_003611,227.99,EUR,CUSTOMER_SERVICE_ADJUSTMENT,COMPLETED,2026-03-26 01:48:37,2026-03-26 01:53:37
REF_003616,PAY_003616,ORD_003616,PROC_003616,PRREF_003616,538.99,USD,PARTIAL_RETURN,COMPLETED,2026-02-06 22:44:47,2026-02-06 22:49:47
REF_003619,PAY_003619,ORD_003619,PROC_003619,PRREF_003619,1999.80,INR,PARTIAL_RETURN,COMPLETED,2026-01-16 23:00:32,2026-01-16 23:05:32
REF_003639,PAY_003639,ORD_003639,PROC_003639,PRREF_003639,20.12,GBP,CUSTOMER_SERVICE_ADJUSTMENT,COMPLETED,2026-01-31 09:23:46,2026-01-31 09:28:46
REF_003664,PAY_003664,ORD_003664,PROC_003664,PRREF_003664,11250.00,INR,CUSTOMER_SERVICE_ADJUSTMENT,COMPLETED,2026-03-27 12:53:16,2026-03-27 12:58:16
REF_003725,PAY_003725,ORD_003725,PROC_003725,PRREF_003725,205.75,USD,FRAUD_SUSPECTED,COMPLETED,2026-04-03 19:45:35,2026-04-03 19:50:35
REF_003732,PAY_003732,ORD_003732,PROC_003732,PRREF_003732,72.50,EUR,FULL_RETURN,COMPLETED,2026-01-27 19:16:49,2026-01-27 19:21:49
REF_003744,PAY_003744,ORD_003744,PROC_003744,PRREF_003744,91.69,CAD,PARTIAL_RETURN,COMPLETED,2026-01-23 18:44:15,2026-01-23 18:49:15
REF_003747,PAY_003747,ORD_003747,PROC_003747,PRREF_003747,496.49,GBP,FRAUD_SUSPECTED,COMPLETED,2026-01-15 04:18:24,2026-01-15 04:23:24
REF_003748,PAY_003748,ORD_003748,PROC_003748,PRREF_003748,1101.99,EUR,FULL_RETURN,COMPLETED,2026-01-14 10:45:14,2026-01-14 10:50:14
REF_003771,PAY_003771,ORD_003771,PROC_003771,PRREF_003771,1499.00,INR,FULL_RETURN,COMPLETED,2026-01-12 03:51:00,2026-01-12 03:56:00
REF_003780,PAY_003780,ORD_003780,PROC_003780,PRREF_003780,14.99,USD,PARTIAL_RETURN,COMPLETED,2026-03-18 23:30:44,2026-03-18 23:35:44
REF_003806,PAY_003806,ORD_003806,PROC_003806,PRREF_003806,11250.00,INR,CUSTOMER_SERVICE_ADJUSTMENT,COMPLETED,2026-03-16 23:33:34,2026-03-16 23:38:34
REF_003830,PAY_003830,ORD_003830,PROC_003830,PRREF_003830,42.25,EUR,UNSATISFIED_CUSTOMER,COMPLETED,2026-02-17 03:17:05,2026-02-17 03:22:05
REF_003833,PAY_003833,ORD_003833,PROC_003833,PRREF_003833,299.80,INR,CUSTOMER_SERVICE_ADJUSTMENT,COMPLETED,2026-04-03 21:59:08,2026-04-03 22:04:08
REF_003859,PAY_003859,ORD_003859,PROC_003859,PRREF_003859,41.04,EUR,PARTIAL_RETURN,COMPLETED,2026-01-23 20:16:50,2026-01-23 20:21:50
REF_003869,PAY_003869,ORD_003869,PROC_003869,PRREF_003869,33.50,EUR,ITEM_UNAVAILABLE,COMPLETED,2026-03-31 23:36:32,2026-03-31 23:41:32
REF_003897,PAY_003897,ORD_003897,PROC_003897,PRREF_003897,65.19,CAD,CUSTOMER_SERVICE_ADJUSTMENT,COMPLETED,2026-02-02 16:56:32,2026-02-02 17:01:32
REF_003915,PAY_003915,ORD_003915,PROC_003915,PRREF_003915,44.80,USD,ORDER_CANCELLED,COMPLETED,2026-01-22 09:30:07,2026-01-22 09:35:07
REF_003919,PAY_003919,ORD_003919,PROC_003919,PRREF_003919,122.00,CAD,ITEM_UNAVAILABLE,COMPLETED,2026-03-02 09:22:45,2026-03-02 09:27:45
REF_003922,PAY_003922,ORD_003922,PROC_003922,PRREF_003922,33.75,USD,ORDER_CANCELLED,COMPLETED,2026-02-01 14:03:14,2026-02-01 14:08:14
REF_003932,PAY_003932,ORD_003932,PROC_003932,PRREF_003932,412.12,EUR,CUSTOMER_SERVICE_ADJUSTMENT,COMPLETED,2026-01-11 13:40:40,2026-01-11 13:45:40
REF_003942,PAY_003942,ORD_003942,PROC_003942,PRREF_003942,1484.88,USD,PARTIAL_RETURN,COMPLETED,2026-03-28 11:01:30,2026-03-28 11:06:30
REF_003951,PAY_003951,ORD_003951,PROC_003951,PRREF_003951,173.55,USD,ITEM_UNAVAILABLE,COMPLETED,2026-01-21 19:58:39,2026-01-21 20:03:39
REF_003962,PAY_003962,ORD_003962,PROC_003962,PRREF_003962,299.00,INR,ORDER_CANCELLED,COMPLETED,2026-03-23 00:09:22,2026-03-23 00:14:22
REF_003980,PAY_003980,ORD_003980,PROC_003980,PRREF_003980,1499.25,INR,CUSTOMER_SERVICE_ADJUSTMENT,COMPLETED,2026-03-16 13:17:12,2026-03-16 13:22:12
REF_003994,PAY_003994,ORD_003994,PROC_003994,PRREF_003994,2927.80,EUR,UNSATISFIED_CUSTOMER,COMPLETED,2026-02-05 17:39:00,2026-02-05 17:44:00
REF_004003,PAY_004003,ORD_004003,PROC_004003,PRREF_004003,1041.74,USD,PARTIAL_RETURN,COMPLETED,2026-03-13 10:30:55,2026-03-13 10:35:55
REF_004012,PAY_004012,ORD_004012,PROC_004012,PRREF_004012,40.95,USD,FRAUD_SUSPECTED,COMPLETED,2026-03-12 12:17:04,2026-03-12 12:22:04
REF_004056,PAY_004056,ORD_004056,PROC_004056,PRREF_004056,262.95,EUR,FRAUD_SUSPECTED,COMPLETED,2026-03-20 10:04:43,2026-03-20 10:09:43
REF_004057,PAY_004057,ORD_004057,PROC_004057,PRREF_004057,2031.49,USD,ORDER_CANCELLED,COMPLETED,2026-01-11 04:32:06,2026-01-11 04:37:06
REF_004061,PAY_004061,ORD_004061,PROC_004061,PRREF_004061,114.10,CAD,PARTIAL_RETURN,COMPLETED,2026-02-28 17:55:15,2026-02-28 18:00:15
REF_004062,PAY_004062,ORD_004062,PROC_004062,PRREF_004062,38.95,GBP,ORDER_CANCELLED,COMPLETED,2026-03-18 13:35:09,2026-03-18 13:40:09
REF_004067,PAY_004067,ORD_004067,PROC_004067,PRREF_004067,831.00,CAD,PARTIAL_RETURN,COMPLETED,2026-02-02 06:47:14,2026-02-02 06:52:14
REF_004079,PAY_004079,ORD_004079,PROC_004079,PRREF_004079,315.80,GBP,ORDER_CANCELLED,COMPLETED,2026-03-26 04:30:43,2026-03-26 04:35:43
REF_004083,PAY_004083,ORD_004083,PROC_004083,PRREF_004083,249.75,EUR,CUSTOMER_SERVICE_ADJUSTMENT,COMPLETED,2026-01-29 21:52:17,2026-01-29 21:57:17
REF_004090,PAY_004090,ORD_004090,PROC_004090,PRREF_004090,19.75,USD,UNSATISFIED_CUSTOMER,COMPLETED,2026-03-19 18:05:06,2026-03-19 18:10:06
REF_004098,PAY_004098,ORD_004098,PROC_004098,PRREF_004098,195.75,GBP,UNSATISFIED_CUSTOMER,COMPLETED,2026-03-27 20:07:47,2026-03-27 20:12:47
REF_004102,PAY_004102,ORD_004102,PROC_004102,PRREF_004102,89.88,USD,ITEM_UNAVAILABLE,COMPLETED,2026-04-02 06:07:28,2026-04-02 06:12:28
REF_004131,PAY_004131,ORD_004131,PROC_004131,PRREF_004131,551.20,EUR,CUSTOMER_SERVICE_ADJUSTMENT,COMPLETED,2026-01-31 10:20:24,2026-01-31 10:25:24
REF_004140,PAY_004140,ORD_004140,PROC_004140,PRREF_004140,3.00,USD,CUSTOMER_SERVICE_ADJUSTMENT,COMPLETED,2026-01-30 06:09:58,2026-01-30 06:14:58
REF_004166,PAY_004166,ORD_004166,PROC_004166,PRREF_004166,123.40,GBP,CUSTOMER_SERVICE_ADJUSTMENT,COMPLETED,2026-02-19 10:03:44,2026-02-19 10:08:44
REF_004195,PAY_004195,ORD_004195,PROC_004195,PRREF_004195,28.25,GBP,PARTIAL_RETURN,COMPLETED,2026-02-27 08:08:04,2026-02-27 08:13:04
REF_004202,PAY_004202,ORD_004202,PROC_004202,PRREF_004202,157.44,CAD,ITEM_UNAVAILABLE,COMPLETED,2026-02-15 22:25:57,2026-02-15 22:30:57
REF_004214,PAY_004214,ORD_004214,PROC_004214,PRREF_004214,381.00,EUR,ORDER_CANCELLED,COMPLETED,2026-01-28 04:54:44,2026-01-28 04:59:44
REF_004217,PAY_004217,ORD_004217,PROC_004217,PRREF_004217,16.49,USD,ORDER_CANCELLED,COMPLETED,2026-01-20 03:32:13,2026-01-20 03:37:13
REF_004228,PAY_004228,ORD_004228,PROC_004228,PRREF_004228,29.44,USD,PARTIAL_RETURN,COMPLETED,2026-01-16 10:27:32,2026-01-16 10:32:32
REF_004237,PAY_004237,ORD_004237,PROC_004237,PRREF_004237,9999.00,INR,FULL_RETURN,COMPLETED,2026-01-08 06:34:12,2026-01-08 06:39:12
REF_004251,PAY_004251,ORD_004251,PROC_004251,PRREF_004251,588.50,EUR,ORDER_CANCELLED,COMPLETED,2026-01-29 13:03:17,2026-01-29 13:08:17
REF_004265,PAY_004265,ORD_004265,PROC_004265,PRREF_004265,149.50,INR,CUSTOMER_SERVICE_ADJUSTMENT,COMPLETED,2026-02-21 02:01:59,2026-02-21 02:06:59
REF_004277,PAY_004277,ORD_004277,PROC_004277,PRREF_004277,530.99,EUR,FULL_RETURN,COMPLETED,2026-02-13 18:47:07,2026-02-13 18:52:07
REF_004292,PAY_004292,ORD_004292,PROC_004292,PRREF_004292,23.50,GBP,FRAUD_SUSPECTED,COMPLETED,2026-01-17 20:47:05,2026-01-17 20:52:05
REF_004305,PAY_004305,ORD_004305,PROC_004305,PRREF_004305,1788.25,EUR,FULL_RETURN,COMPLETED,2026-01-13 19:47:59,2026-01-13 19:52:59
REF_004359,PAY_004359,ORD_004359,PROC_004359,PRREF_004359,72.25,USD,FRAUD_SUSPECTED,COMPLETED,2026-02-18 14:26:58,2026-02-18 14:31:58
REF_004365,PAY_004365,ORD_004365,PROC_004365,PRREF_004365,22.75,CAD,PARTIAL_RETURN,COMPLETED,2026-01-11 16:32:29,2026-01-11 16:37:29
REF_004372,PAY_004372,ORD_004372,PROC_004372,PRREF_004372,65.49,GBP,ORDER_CANCELLED,COMPLETED,2026-01-19 21:10:34,2026-01-19 21:15:34
REF_004389,PAY_004389,ORD_004389,PROC_004389,PRREF_004389,443.50,USD,UNSATISFIED_CUSTOMER,COMPLETED,2026-03-26 15:52:46,2026-03-26 15:57:46
REF_004398,PAY_004398,ORD_004398,PROC_004398,PRREF_004398,1452.49,EUR,CUSTOMER_SERVICE_ADJUSTMENT,COMPLETED,2026-03-03 08:20:55,2026-03-03 08:25:55
REF_004414,PAY_004414,ORD_004414,PROC_004414,PRREF_004414,7499.25,INR,ITEM_UNAVAILABLE,COMPLETED,2026-02-02 15:34:46,2026-02-02 15:39:46
REF_004448,PAY_004448,ORD_004448,PROC_004448,PRREF_004448,56.00,EUR,UNSATISFIED_CUSTOMER,COMPLETED,2026-03-09 01:33:06,2026-03-09 01:38:06
REF_004458,PAY_004458,ORD_004458,PROC_004458,PRREF_004458,4.65,EUR,CUSTOMER_SERVICE_ADJUSTMENT,COMPLETED,2026-02-06 18:46:08,2026-02-06 18:51:08
REF_004467,PAY_004467,ORD_004467,PROC_004467,PRREF_004467,9.19,GBP,PARTIAL_RETURN,COMPLETED,2026-01-22 11:15:29,2026-01-22 11:20:29
REF_004476,PAY_004476,ORD_004476,PROC_004476,PRREF_004476,3749.25,INR,ITEM_UNAVAILABLE,COMPLETED,2026-02-23 12:41:42,2026-02-23 12:46:42
REF_004480,PAY_004480,ORD_004480,PROC_004480,PRREF_004480,19.80,EUR,UNSATISFIED_CUSTOMER,COMPLETED,2026-03-01 21:15:30,2026-03-01 21:20:30
REF_004517,PAY_004517,ORD_004517,PROC_004517,PRREF_004517,599.25,INR,ITEM_UNAVAILABLE,COMPLETED,2026-02-05 18:24:52,2026-02-05 18:29:52
REF_004522,PAY_004522,ORD_004522,PROC_004522,PRREF_004522,17.49,CAD,FULL_RETURN,COMPLETED,2026-01-15 17:45:46,2026-01-15 17:50:46
REF_004539,PAY_004539,ORD_004539,PROC_004539,PRREF_004539,183.84,EUR,PARTIAL_RETURN,COMPLETED,2026-01-15 10:02:02,2026-01-15 10:07:02
REF_004552,PAY_004552,ORD_004552,PROC_004552,PRREF_004552,804.12,EUR,CUSTOMER_SERVICE_ADJUSTMENT,COMPLETED,2026-01-13 21:57:53,2026-01-13 22:02:53
REF_004559,PAY_004559,ORD_004559,PROC_004559,PRREF_004559,459.95,EUR,FRAUD_SUSPECTED,COMPLETED,2026-01-19 22:55:30,2026-01-19 23:00:30
REF_004598,PAY_004598,ORD_004598,PROC_004598,PRREF_004598,1010.80,EUR,ORDER_CANCELLED,COMPLETED,2026-01-31 10:47:25,2026-01-31 10:52:25
REF_004602,PAY_004602,ORD_004602,PROC_004602,PRREF_004602,56.99,CAD,FRAUD_SUSPECTED,COMPLETED,2026-02-09 10:29:07,2026-02-09 10:34:07
REF_004607,PAY_004607,ORD_004607,PROC_004607,PRREF_004607,149.98,EUR,ITEM_UNAVAILABLE,COMPLETED,2026-01-14 16:02:41,2026-01-14 16:07:41
REF_004612,PAY_004612,ORD_004612,PROC_004612,PRREF_004612,41.00,USD,ORDER_CANCELLED,COMPLETED,2026-03-21 03:38:35,2026-03-21 03:43:35
REF_004614,PAY_004614,ORD_004614,PROC_004614,PRREF_004614,20.99,EUR,UNSATISFIED_CUSTOMER,COMPLETED,2026-03-04 10:29:59,2026-03-04 10:34:59
REF_004628,PAY_004628,ORD_004628,PROC_004628,PRREF_004628,20.10,EUR,CUSTOMER_SERVICE_ADJUSTMENT,COMPLETED,2026-01-23 08:43:50,2026-01-23 08:48:50
REF_004641,PAY_004641,ORD_004641,PROC_004641,PRREF_004641,873.19,EUR,ITEM_UNAVAILABLE,COMPLETED,2026-02-04 17:34:43,2026-02-04 17:39:43
REF_004672,PAY_004672,ORD_004672,PROC_004672,PRREF_004672,453.25,USD,FULL_RETURN,COMPLETED,2026-02-06 13:15:20,2026-02-06 13:20:20
REF_004680,PAY_004680,ORD_004680,PROC_004680,PRREF_004680,26.40,EUR,ITEM_UNAVAILABLE,COMPLETED,2026-01-20 01:20:17,2026-01-20 01:25:17
REF_004692,PAY_004692,ORD_004692,PROC_004692,PRREF_004692,324.12,GBP,ITEM_UNAVAILABLE,COMPLETED,2026-01-16 05:10:40,2026-01-16 05:15:40
REF_004717,PAY_004717,ORD_004717,PROC_004717,PRREF_004717,152.64,GBP,CUSTOMER_SERVICE_ADJUSTMENT,COMPLETED,2026-04-07 06:22:33,2026-04-07 06:27:33
REF_004722,PAY_004722,ORD_004722,PROC_004722,PRREF_004722,224.25,INR,ITEM_UNAVAILABLE,COMPLETED,2026-04-06 02:38:15,2026-04-06 02:43:15
REF_004764,PAY_004764,ORD_004764,PROC_004764,PRREF_004764,29.98,USD,CUSTOMER_SERVICE_ADJUSTMENT,COMPLETED,2026-03-08 04:32:13,2026-03-08 04:37:13
REF_004779,PAY_004779,ORD_004779,PROC_004779,PRREF_004779,299.00,INR,UNSATISFIED_CUSTOMER,COMPLETED,2026-02-04 05:08:24,2026-02-04 05:13:24
REF_004788,PAY_004788,ORD_004788,PROC_004788,PRREF_004788,277.30,EUR,CUSTOMER_SERVICE_ADJUSTMENT,COMPLETED,2026-01-10 20:53:44,2026-01-10 20:58:44
REF_004811,PAY_004811,ORD_004811,PROC_004811,PRREF_004811,7.85,EUR,PARTIAL_RETURN,COMPLETED,2026-02-13 21:10:38,2026-02-13 21:15:38
REF_004819,PAY_004819,ORD_004819,PROC_004819,PRREF_004819,2683.25,CAD,FULL_RETURN,COMPLETED,2026-03-09 06:39:35,2026-03-09 06:44:35
REF_004836,PAY_004836,ORD_004836,PROC_004836,PRREF_004836,803.25,GBP,ITEM_UNAVAILABLE,COMPLETED,2026-02-10 02:08:49,2026-02-10 02:13:49
REF_004839,PAY_004839,ORD_004839,PROC_004839,PRREF_004839,7.18,GBP,PARTIAL_RETURN,COMPLETED,2026-04-04 17:12:55,2026-04-04 17:17:55
REF_004842,PAY_004842,ORD_004842,PROC_004842,PRREF_004842,7.88,EUR,PARTIAL_RETURN,COMPLETED,2026-03-28 19:15:09,2026-03-28 19:20:09
REF_004855,PAY_004855,ORD_004855,PROC_004855,PRREF_004855,261.95,GBP,FULL_RETURN,COMPLETED,2026-03-31 18:46:43,2026-03-31 18:51:43
REF_004873,PAY_004873,ORD_004873,PROC_004873,PRREF_004873,439.49,USD,FRAUD_SUSPECTED,COMPLETED,2026-03-14 09:20:31,2026-03-14 09:25:31
REF_004915,PAY_004915,ORD_004915,PROC_004915,PRREF_004915,121.50,EUR,PARTIAL_RETURN,COMPLETED,2026-02-18 03:51:18,2026-02-18 03:56:18
REF_004926,PAY_004926,ORD_004926,PROC_004926,PRREF_004926,205.99,GBP,FULL_RETURN,COMPLETED,2026-01-27 15:09:56,2026-01-27 15:14:56
REF_004937,PAY_004937,ORD_004937,PROC_004937,PRREF_004937,9.95,GBP,PARTIAL_RETURN,COMPLETED,2026-02-06 08:41:26,2026-02-06 08:46:26
REF_004962,PAY_004962,ORD_004962,PROC_004962,PRREF_004962,94.10,USD,PARTIAL_RETURN,COMPLETED,2026-01-05 11:23:34,2026-01-05 11:28:34
REF_004967,PAY_004967,ORD_004967,PROC_004967,PRREF_004967,11.64,EUR,PARTIAL_RETURN,COMPLETED,2026-03-17 17:02:19,2026-03-17 17:07:19
REF_004983,PAY_004983,ORD_004983,PROC_004983,PRREF_004983,83.55,GBP,PARTIAL_RETURN,COMPLETED,2026-01-26 23:32:28,2026-01-26 23:37:28
REF_004997,PAY_004997,ORD_004997,PROC_004997,PRREF_004997,537.15,EUR,PARTIAL_RETURN,COMPLETED,2026-02-09 17:43:54,2026-02-09 17:48:54
REF_005052,PAY_005052,ORD_005052,PROC_005052,PRREF_005052,799.00,INR,FRAUD_SUSPECTED,COMPLETED,2026-02-03 07:19:20,2026-02-03 07:24:20
REF_005056,PAY_005056,ORD_005056,PROC_005056,PRREF_005056,217.95,GBP,FRAUD_SUSPECTED,COMPLETED,2026-01-07 20:15:28,2026-01-07 20:20:28
REF_005068,PAY_005068,ORD_005068,PROC_005068,PRREF_005068,27.49,CAD,FULL_RETURN,COMPLETED,2026-01-06 14:01:06,2026-01-06 14:06:06
REF_005083,PAY_005083,ORD_005083,PROC_005083,PRREF_005083,158.25,EUR,CUSTOMER_SERVICE_ADJUSTMENT,COMPLETED,2026-03-13 12:49:06,2026-03-13 12:54:06
REF_005084,PAY_005084,ORD_005084,PROC_005084,PRREF_005084,148.72,EUR,ITEM_UNAVAILABLE,COMPLETED,2026-01-23 03:32:23,2026-01-23 03:37:23
REF_005091,PAY_005091,ORD_005091,PROC_005091,PRREF_005091,383.49,EUR,UNSATISFIED_CUSTOMER,COMPLETED,2026-01-26 16:12:46,2026-01-26 16:17:46
REF_005095,PAY_005095,ORD_005095,PROC_005095,PRREF_005095,563.95,USD,UNSATISFIED_CUSTOMER,COMPLETED,2026-02-14 02:21:13,2026-02-14 02:26:13
REF_005104,PAY_005104,ORD_005104,PROC_005104,PRREF_005104,335.99,USD,PARTIAL_RETURN,COMPLETED,2026-03-05 03:16:33,2026-03-05 03:21:33
REF_005146,PAY_005146,ORD_005146,PROC_005146,PRREF_005146,2641.00,EUR,FRAUD_SUSPECTED,COMPLETED,2026-02-10 10:13:34,2026-02-10 10:18:34
REF_005159,PAY_005159,ORD_005159,PROC_005159,PRREF_005159,308.99,CAD,PARTIAL_RETURN,COMPLETED,2026-01-09 16:24:54,2026-01-09 16:29:54
REF_005165,PAY_005165,ORD_005165,PROC_005165,PRREF_005165,51.75,USD,ITEM_UNAVAILABLE,COMPLETED,2026-01-24 09:09:05,2026-01-24 09:14:05
REF_005175,PAY_005175,ORD_005175,PROC_005175,PRREF_005175,47.99,EUR,UNSATISFIED_CUSTOMER,COMPLETED,2026-03-23 05:19:13,2026-03-23 05:24:13
REF_005180,PAY_005180,ORD_005180,PROC_005180,PRREF_005180,2175.00,USD,ITEM_UNAVAILABLE,COMPLETED,2026-02-26 11:40:38,2026-02-26 11:45:38
REF_005183,PAY_005183,ORD_005183,PROC_005183,PRREF_005183,23.12,USD,ITEM_UNAVAILABLE,COMPLETED,2026-01-27 03:11:47,2026-01-27 03:16:47
REF_005184,PAY_005184,ORD_005184,PROC_005184,PRREF_005184,650.00,CAD,FRAUD_SUSPECTED,COMPLETED,2026-02-15 15:06:36,2026-02-15 15:11:36
REF_005192,PAY_005192,ORD_005192,PROC_005192,PRREF_005192,1249.50,INR,PARTIAL_RETURN,COMPLETED,2026-02-05 00:49:25,2026-02-05 00:54:25
REF_005222,PAY_005222,ORD_005222,PROC_005222,PRREF_005222,13.12,EUR,CUSTOMER_SERVICE_ADJUSTMENT,COMPLETED,2026-03-20 18:08:43,2026-03-20 18:13:43
REF_005270,PAY_005270,ORD_005270,PROC_005270,PRREF_005270,377.95,EUR,FRAUD_SUSPECTED,COMPLETED,2026-01-23 08:29:39,2026-01-23 08:34:39
REF_005307,PAY_005307,ORD_005307,PROC_005307,PRREF_005307,16.80,USD,UNSATISFIED_CUSTOMER,COMPLETED,2026-01-10 14:54:06,2026-01-10 14:59:06
REF_005323,PAY_005323,ORD_005323,PROC_005323,PRREF_005323,55.48,USD,PARTIAL_RETURN,COMPLETED,2026-02-26 13:49:31,2026-02-26 13:54:31
REF_005337,PAY_005337,ORD_005337,PROC_005337,PRREF_005337,452.62,USD,CUSTOMER_SERVICE_ADJUSTMENT,COMPLETED,2026-01-05 13:21:58,2026-01-05 13:26:58
REF_005338,PAY_005338,ORD_005338,PROC_005338,PRREF_005338,1571.62,USD,PARTIAL_RETURN,COMPLETED,2026-01-21 02:37:58,2026-01-21 02:42:58
REF_005341,PAY_005341,ORD_005341,PROC_005341,PRREF_005341,275.48,USD,ITEM_UNAVAILABLE,COMPLETED,2026-02-10 14:28:48,2026-02-10 14:33:48
REF_005343,PAY_005343,ORD_005343,PROC_005343,PRREF_005343,30.94,EUR,ITEM_UNAVAILABLE,COMPLETED,2026-03-01 13:50:22,2026-03-01 13:55:22
REF_005350,PAY_005350,ORD_005350,PROC_005350,PRREF_005350,112.80,CAD,ORDER_CANCELLED,COMPLETED,2026-03-13 18:54:34,2026-03-13 18:59:34
REF_005374,PAY_005374,ORD_005374,PROC_005374,PRREF_005374,47.49,GBP,FULL_RETURN,COMPLETED,2026-03-23 14:10:01,2026-03-23 14:15:01
REF_005404,PAY_005404,ORD_005404,PROC_005404,PRREF_005404,1874.25,INR,ITEM_UNAVAILABLE,COMPLETED,2026-03-05 04:38:19,2026-03-05 04:43:19
REF_005438,PAY_005438,ORD_005438,PROC_005438,PRREF_005438,11.17,USD,ITEM_UNAVAILABLE,COMPLETED,2026-01-25 14:26:28,2026-01-25 14:31:28
REF_005439,PAY_005439,ORD_005439,PROC_005439,PRREF_005439,499.00,INR,FRAUD_SUSPECTED,COMPLETED,2026-03-13 13:42:58,2026-03-13 13:47:58
REF_005467,PAY_005467,ORD_005467,PROC_005467,PRREF_005467,599.25,INR,ITEM_UNAVAILABLE,COMPLETED,2026-02-21 12:26:13,2026-02-21 12:31:13
REF_005502,PAY_005502,ORD_005502,PROC_005502,PRREF_005502,3.40,USD,PARTIAL_RETURN,COMPLETED,2026-03-31 10:13:12,2026-03-31 10:18:12
REF_005511,PAY_005511,ORD_005511,PROC_005511,PRREF_005511,275.06,USD,CUSTOMER_SERVICE_ADJUSTMENT,COMPLETED,2026-02-05 00:26:30,2026-02-05 00:31:30
REF_005543,PAY_005543,ORD_005543,PROC_005543,PRREF_005543,1356.49,USD,FULL_RETURN,COMPLETED,2026-02-14 20:45:23,2026-02-14 20:50:23
REF_005569,PAY_005569,ORD_005569,PROC_005569,PRREF_005569,2499.00,INR,ORDER_CANCELLED,COMPLETED,2026-02-07 20:15:59,2026-02-07 20:20:59
REF_005577,PAY_005577,ORD_005577,PROC_005577,PRREF_005577,79.75,GBP,ORDER_CANCELLED,COMPLETED,2026-03-28 20:28:38,2026-03-28 20:33:38
REF_005595,PAY_005595,ORD_005595,PROC_005595,PRREF_005595,136.28,USD,PARTIAL_RETURN,COMPLETED,2026-01-13 07:08:38,2026-01-13 07:13:38
REF_005613,PAY_005613,ORD_005613,PROC_005613,PRREF_005613,121.60,USD,ITEM_UNAVAILABLE,COMPLETED,2026-03-20 06:35:15,2026-03-20 06:40:15
REF_005697,PAY_005697,ORD_005697,PROC_005697,PRREF_005697,499.00,INR,FULL_RETURN,COMPLETED,2026-04-01 01:26:08,2026-04-01 01:31:08
REF_005702,PAY_005702,ORD_005702,PROC_005702,PRREF_005702,499.80,INR,PARTIAL_RETURN,COMPLETED,2026-03-13 05:37:35,2026-03-13 05:42:35
REF_005716,PAY_005716,ORD_005716,PROC_005716,PRREF_005716,282.00,GBP,UNSATISFIED_CUSTOMER,COMPLETED,2026-03-03 20:21:05,2026-03-03 20:26:05
REF_005726,PAY_005726,ORD_005726,PROC_005726,PRREF_005726,81.12,EUR,PARTIAL_RETURN,COMPLETED,2026-02-22 20:43:46,2026-02-22 20:48:46
REF_005736,PAY_005736,ORD_005736,PROC_005736,PRREF_005736,32.21,GBP,CUSTOMER_SERVICE_ADJUSTMENT,COMPLETED,2026-01-16 07:24:34,2026-01-16 07:29:34
REF_005766,PAY_005766,ORD_005766,PROC_005766,PRREF_005766,63.95,EUR,ORDER_CANCELLED,COMPLETED,2026-01-21 20:54:19,2026-01-21 20:59:19
REF_005772,PAY_005772,ORD_005772,PROC_005772,PRREF_005772,3.40,USD,CUSTOMER_SERVICE_ADJUSTMENT,COMPLETED,2026-01-25 09:09:42,2026-01-25 09:14:42
REF_005815,PAY_005815,ORD_005815,PROC_005815,PRREF_005815,11.24,CAD,ITEM_UNAVAILABLE,COMPLETED,2026-01-03 15:28:48,2026-01-03 15:33:48
REF_005819,PAY_005819,ORD_005819,PROC_005819,PRREF_005819,62.49,USD,ORDER_CANCELLED,COMPLETED,2026-04-04 01:53:58,2026-04-04 01:58:58
REF_005847,PAY_005847,ORD_005847,PROC_005847,PRREF_005847,3749.25,INR,ITEM_UNAVAILABLE,COMPLETED,2026-01-21 15:37:39,2026-01-21 15:42:39
REF_005862,PAY_005862,ORD_005862,PROC_005862,PRREF_005862,68.50,EUR,FULL_RETURN,COMPLETED,2026-03-17 18:20:25,2026-03-17 18:25:25
REF_005890,PAY_005890,ORD_005890,PROC_005890,PRREF_005890,1446.00,GBP,PARTIAL_RETURN,COMPLETED,2026-03-28 14:58:03,2026-03-28 15:03:03
REF_005903,PAY_005903,ORD_005903,PROC_005903,PRREF_005903,126.30,EUR,CUSTOMER_SERVICE_ADJUSTMENT,COMPLETED,2026-03-11 16:08:49,2026-03-11 16:13:49
REF_005910,PAY_005910,ORD_005910,PROC_005910,PRREF_005910,599.70,INR,PARTIAL_RETURN,COMPLETED,2026-03-20 06:02:13,2026-03-20 06:07:13
REF_005912,PAY_005912,ORD_005912,PROC_005912,PRREF_005912,1872.74,CAD,PARTIAL_RETURN,COMPLETED,2026-03-24 13:43:56,2026-03-24 13:48:56
REF_005946,PAY_005946,ORD_005946,PROC_005946,PRREF_005946,334.25,USD,FULL_RETURN,COMPLETED,2026-02-07 04:13:40,2026-02-07 04:18:40
REF_005951,PAY_005951,ORD_005951,PROC_005951,PRREF_005951,51.75,USD,FULL_RETURN,COMPLETED,2026-02-11 17:25:42,2026-02-11 17:30:42
REF_005956,PAY_005956,ORD_005956,PROC_005956,PRREF_005956,99.75,EUR,CUSTOMER_SERVICE_ADJUSTMENT,COMPLETED,2026-03-02 23:24:57,2026-03-02 23:29:57
REF_005964,PAY_005964,ORD_005964,PROC_005964,PRREF_005964,239.70,INR,PARTIAL_RETURN,COMPLETED,2026-01-19 22:44:40,2026-01-19 22:49:40
REF_006004,PAY_006004,ORD_006004,PROC_006004,PRREF_006004,37.62,GBP,ITEM_UNAVAILABLE,COMPLETED,2026-03-14 19:50:59,2026-03-14 19:55:59
REF_006017,PAY_006017,ORD_006017,PROC_006017,PRREF_006017,10.20,USD,PARTIAL_RETURN,COMPLETED,2026-02-16 19:05:48,2026-02-16 19:10:48
REF_006041,PAY_006041,ORD_006041,PROC_006041,PRREF_006041,7499.25,INR,PARTIAL_RETURN,COMPLETED,2026-03-06 03:48:13,2026-03-06 03:53:13
REF_006047,PAY_006047,ORD_006047,PROC_006047,PRREF_006047,60.75,CAD,UNSATISFIED_CUSTOMER,COMPLETED,2026-01-14 20:27:55,2026-01-14 20:32:55
REF_006067,PAY_006067,ORD_006067,PROC_006067,PRREF_006067,18.38,EUR,ITEM_UNAVAILABLE,COMPLETED,2026-02-25 12:50:11,2026-02-25 12:55:11
REF_006110,PAY_006110,ORD_006110,PROC_006110,PRREF_006110,64.90,GBP,ITEM_UNAVAILABLE,COMPLETED,2026-01-10 20:36:59,2026-01-10 20:41:59
REF_006127,PAY_006127,ORD_006127,PROC_006127,PRREF_006127,2377.80,GBP,UNSATISFIED_CUSTOMER,COMPLETED,2026-03-30 05:00:03,2026-03-30 05:05:03
REF_006133,PAY_006133,ORD_006133,PROC_006133,PRREF_006133,4999.00,INR,FRAUD_SUSPECTED,COMPLETED,2026-03-05 05:11:54,2026-03-05 05:16:54
REF_006136,PAY_006136,ORD_006136,PROC_006136,PRREF_006136,39.00,USD,UNSATISFIED_CUSTOMER,COMPLETED,2026-03-19 20:49:06,2026-03-19 20:54:06
REF_006137,PAY_006137,ORD_006137,PROC_006137,PRREF_006137,8.45,EUR,CUSTOMER_SERVICE_ADJUSTMENT,COMPLETED,2026-03-13 12:15:20,2026-03-13 12:20:20
REF_006143,PAY_006143,ORD_006143,PROC_006143,PRREF_006143,3.79,USD,CUSTOMER_SERVICE_ADJUSTMENT,COMPLETED,2026-02-20 16:58:43,2026-02-20 17:03:43
REF_006177,PAY_006177,ORD_006177,PROC_006177,PRREF_006177,382.12,USD,PARTIAL_RETURN,COMPLETED,2026-03-09 21:33:19,2026-03-09 21:38:19
REF_006192,PAY_006192,ORD_006192,PROC_006192,PRREF_006192,224.25,INR,PARTIAL_RETURN,COMPLETED,2026-03-26 06:20:48,2026-03-26 06:25:48
REF_006212,PAY_006212,ORD_006212,PROC_006212,PRREF_006212,268.87,GBP,CUSTOMER_SERVICE_ADJUSTMENT,COMPLETED,2026-03-18 03:35:54,2026-03-18 03:40:54
REF_006233,PAY_006233,ORD_006233,PROC_006233,PRREF_006233,67.25,GBP,FULL_RETURN,COMPLETED,2026-03-30 01:33:36,2026-03-30 01:38:36
REF_006269,PAY_006269,ORD_006269,PROC_006269,PRREF_006269,1499.25,INR,PARTIAL_RETURN,COMPLETED,2026-01-24 20:12:46,2026-01-24 20:17:46
REF_006284,PAY_006284,ORD_006284,PROC_006284,PRREF_006284,24.29,USD,CUSTOMER_SERVICE_ADJUSTMENT,COMPLETED,2026-03-05 18:00:59,2026-03-05 18:05:59
REF_006286,PAY_006286,ORD_006286,PROC_006286,PRREF_006286,11.10,USD,PARTIAL_RETURN,COMPLETED,2026-02-07 02:15:56,2026-02-07 02:20:56
REF_006290,PAY_006290,ORD_006290,PROC_006290,PRREF_006290,2527.99,GBP,FRAUD_SUSPECTED,COMPLETED,2026-02-25 10:47:54,2026-02-25 10:52:54
REF_006300,PAY_006300,ORD_006300,PROC_006300,PRREF_006300,118.75,USD,FULL_RETURN,COMPLETED,2026-01-21 16:43:53,2026-01-21 16:48:53
REF_006302,PAY_006302,ORD_006302,PROC_006302,PRREF_006302,72.25,USD,FULL_RETURN,COMPLETED,2026-02-20 23:17:38,2026-02-20 23:22:38
REF_006305,PAY_006305,ORD_006305,PROC_006305,PRREF_006305,862.99,EUR,UNSATISFIED_CUSTOMER,COMPLETED,2026-01-06 04:26:58,2026-01-06 04:31:58
REF_006344,PAY_006344,ORD_006344,PROC_006344,PRREF_006344,316.46,EUR,PARTIAL_RETURN,COMPLETED,2026-04-06 06:24:09,2026-04-06 06:29:09
REF_006348,PAY_006348,ORD_006348,PROC_006348,PRREF_006348,295.95,EUR,ORDER_CANCELLED,COMPLETED,2026-01-26 00:04:18,2026-01-26 00:09:18
REF_006357,PAY_006357,ORD_006357,PROC_006357,PRREF_006357,71.80,USD,FRAUD_SUSPECTED,COMPLETED,2026-03-02 11:18:12,2026-03-02 11:23:12
REF_006358,PAY_006358,ORD_006358,PROC_006358,PRREF_006358,81.95,GBP,ORDER_CANCELLED,COMPLETED,2026-01-31 05:32:42,2026-01-31 05:37:42
REF_006378,PAY_006378,ORD_006378,PROC_006378,PRREF_006378,12.37,USD,ITEM_UNAVAILABLE,COMPLETED,2026-01-21 07:16:54,2026-01-21 07:21:54
REF_006380,PAY_006380,ORD_006380,PROC_006380,PRREF_006380,14.70,USD,CUSTOMER_SERVICE_ADJUSTMENT,COMPLETED,2026-02-16 06:12:20,2026-02-16 06:17:20
REF_006398,PAY_006398,ORD_006398,PROC_006398,PRREF_006398,449.70,INR,ITEM_UNAVAILABLE,COMPLETED,2026-01-20 04:05:34,2026-01-20 04:10:34
REF_006401,PAY_006401,ORD_006401,PROC_006401,PRREF_006401,21.90,GBP,CUSTOMER_SERVICE_ADJUSTMENT,COMPLETED,2026-04-01 04:13:28,2026-04-01 04:18:28
REF_006436,PAY_006436,ORD_006436,PROC_006436,PRREF_006436,16.50,EUR,PARTIAL_RETURN,COMPLETED,2026-03-09 00:54:13,2026-03-09 00:59:13
REF_006442,PAY_006442,ORD_006442,PROC_006442,PRREF_006442,208.95,EUR,FULL_RETURN,COMPLETED,2026-01-04 00:35:21,2026-01-04 00:40:21
REF_006467,PAY_006467,ORD_006467,PROC_006467,PRREF_006467,140.70,USD,ITEM_UNAVAILABLE,COMPLETED,2026-03-09 02:18:43,2026-03-09 02:23:43
REF_006494,PAY_006494,ORD_006494,PROC_006494,PRREF_006494,70.50,USD,FRAUD_SUSPECTED,COMPLETED,2026-03-22 00:22:46,2026-03-22 00:27:46
REF_006513,PAY_006513,ORD_006513,PROC_006513,PRREF_006513,603.50,EUR,ORDER_CANCELLED,COMPLETED,2026-02-01 15:09:46,2026-02-01 15:14:46
REF_006514,PAY_006514,ORD_006514,PROC_006514,PRREF_006514,106.65,USD,ITEM_UNAVAILABLE,COMPLETED,2026-01-09 04:39:10,2026-01-09 04:44:10
REF_006523,PAY_006523,ORD_006523,PROC_006523,PRREF_006523,56.96,USD,PARTIAL_RETURN,COMPLETED,2026-01-17 12:48:09,2026-01-17 12:53:09
REF_006538,PAY_006538,ORD_006538,PROC_006538,PRREF_006538,16.43,USD,CUSTOMER_SERVICE_ADJUSTMENT,COMPLETED,2026-01-05 18:50:31,2026-01-05 18:55:31
REF_006554,PAY_006554,ORD_006554,PROC_006554,PRREF_006554,283.40,CAD,ITEM_UNAVAILABLE,COMPLETED,2026-01-14 00:23:33,2026-01-14 00:28:33
REF_006564,PAY_006564,ORD_006564,PROC_006564,PRREF_006564,9999.00,INR,FULL_RETURN,COMPLETED,2026-03-07 04:01:44,2026-03-07 04:06:44
REF_006570,PAY_006570,ORD_006570,PROC_006570,PRREF_006570,23.99,USD,FRAUD_SUSPECTED,COMPLETED,2026-02-25 17:33:14,2026-02-25 17:38:14
REF_006582,PAY_006582,ORD_006582,PROC_006582,PRREF_006582,524.40,EUR,CUSTOMER_SERVICE_ADJUSTMENT,COMPLETED,2026-01-19 01:22:34,2026-01-19 01:27:34
REF_006606,PAY_006606,ORD_006606,PROC_006606,PRREF_006606,30.15,EUR,PARTIAL_RETURN,COMPLETED,2026-03-13 03:34:35,2026-03-13 03:39:35
REF_006613,PAY_006613,ORD_006613,PROC_006613,PRREF_006613,238.97,GBP,CUSTOMER_SERVICE_ADJUSTMENT,COMPLETED,2026-02-07 05:32:50,2026-02-07 05:37:50
REF_006656,PAY_006656,ORD_006656,PROC_006656,PRREF_006656,376.88,USD,CUSTOMER_SERVICE_ADJUSTMENT,COMPLETED,2026-01-21 08:54:12,2026-01-21 08:59:12
REF_006659,PAY_006659,ORD_006659,PROC_006659,PRREF_006659,27.00,EUR,ORDER_CANCELLED,COMPLETED,2026-01-31 22:39:34,2026-01-31 22:44:34
REF_006689,PAY_006689,ORD_006689,PROC_006689,PRREF_006689,452.25,USD,UNSATISFIED_CUSTOMER,COMPLETED,2026-01-14 05:57:21,2026-01-14 06:02:21
REF_006722,PAY_006722,ORD_006722,PROC_006722,PRREF_006722,7.05,USD,CUSTOMER_SERVICE_ADJUSTMENT,COMPLETED,2026-02-21 17:30:44,2026-02-21 17:35:44
REF_006741,PAY_006741,ORD_006741,PROC_006741,PRREF_006741,249.50,INR,CUSTOMER_SERVICE_ADJUSTMENT,COMPLETED,2026-03-15 05:45:25,2026-03-15 05:50:25
REF_006744,PAY_006744,ORD_006744,PROC_006744,PRREF_006744,384.80,USD,UNSATISFIED_CUSTOMER,COMPLETED,2026-01-24 23:28:38,2026-01-24 23:33:38
REF_006748,PAY_006748,ORD_006748,PROC_006748,PRREF_006748,56.62,USD,CUSTOMER_SERVICE_ADJUSTMENT,COMPLETED,2026-02-28 15:47:56,2026-02-28 15:52:56
REF_006750,PAY_006750,ORD_006750,PROC_006750,PRREF_006750,20.25,USD,ITEM_UNAVAILABLE,COMPLETED,2026-03-08 10:30:11,2026-03-08 10:35:11
REF_006763,PAY_006763,ORD_006763,PROC_006763,PRREF_006763,1358.80,EUR,FRAUD_SUSPECTED,COMPLETED,2026-01-18 21:24:24,2026-01-18 21:29:24
REF_006814,PAY_006814,ORD_006814,PROC_006814,PRREF_006814,92.02,USD,CUSTOMER_SERVICE_ADJUSTMENT,COMPLETED,2026-02-20 00:24:08,2026-02-20 00:29:08
REF_006823,PAY_006823,ORD_006823,PROC_006823,PRREF_006823,78.99,EUR,FRAUD_SUSPECTED,COMPLETED,2026-01-07 18:28:02,2026-01-07 18:33:02
REF_006831,PAY_006831,ORD_006831,PROC_006831,PRREF_006831,53.95,GBP,ORDER_CANCELLED,COMPLETED,2026-01-04 03:51:21,2026-01-04 03:56:21
REF_006851,PAY_006851,ORD_006851,PROC_006851,PRREF_006851,1695.38,EUR,ITEM_UNAVAILABLE,COMPLETED,2026-03-30 13:30:11,2026-03-30 13:35:11
REF_006860,PAY_006860,ORD_006860,PROC_006860,PRREF_006860,43.27,USD,ITEM_UNAVAILABLE,COMPLETED,2026-03-13 23:50:23,2026-03-13 23:55:23
REF_006897,PAY_006897,ORD_006897,PROC_006897,PRREF_006897,3287.80,GBP,FULL_RETURN,COMPLETED,2026-02-06 02:58:23,2026-02-06 03:03:23
REF_006908,PAY_006908,ORD_006908,PROC_006908,PRREF_006908,999.00,INR,UNSATISFIED_CUSTOMER,COMPLETED,2026-02-27 08:40:42,2026-02-27 08:45:42
REF_006918,PAY_006918,ORD_006918,PROC_006918,PRREF_006918,383.85,USD,ITEM_UNAVAILABLE,COMPLETED,2026-02-07 01:12:40,2026-02-07 01:17:40
REF_006941,PAY_006941,ORD_006941,PROC_006941,PRREF_006941,78.50,USD,UNSATISFIED_CUSTOMER,COMPLETED,2026-02-27 17:33:40,2026-02-27 17:38:40
REF_006951,PAY_006951,ORD_006951,PROC_006951,PRREF_006951,57.56,USD,PARTIAL_RETURN,COMPLETED,2026-02-19 17:52:10,2026-02-19 17:57:10
REF_006957,PAY_006957,ORD_006957,PROC_006957,PRREF_006957,480.74,GBP,CUSTOMER_SERVICE_ADJUSTMENT,COMPLETED,2026-01-14 22:44:04,2026-01-14 22:49:04
REF_006958,PAY_006958,ORD_006958,PROC_006958,PRREF_006958,37.24,CAD,PARTIAL_RETURN,COMPLETED,2026-03-27 11:51:45,2026-03-27 11:56:45
REF_006969,PAY_006969,ORD_006969,PROC_006969,PRREF_006969,1791.00,USD,UNSATISFIED_CUSTOMER,COMPLETED,2026-01-19 23:12:57,2026-01-19 23:17:57
REF_006976,PAY_006976,ORD_006976,PROC_006976,PRREF_006976,41.85,USD,ITEM_UNAVAILABLE,COMPLETED,2026-03-28 09:24:57,2026-03-28 09:29:57
REF_006979,PAY_006979,ORD_006979,PROC_006979,PRREF_006979,29.25,EUR,ITEM_UNAVAILABLE,COMPLETED,2026-02-21 18:55:52,2026-02-21 19:00:52
REF_006984,PAY_006984,ORD_006984,PROC_006984,PRREF_006984,999.00,INR,FRAUD_SUSPECTED,COMPLETED,2026-02-12 11:30:41,2026-02-12 11:35:41
REF_006992,PAY_006992,ORD_006992,PROC_006992,PRREF_006992,909.74,USD,ITEM_UNAVAILABLE,COMPLETED,2026-02-24 21:48:57,2026-02-24 21:53:57
REF_006995,PAY_006995,ORD_006995,PROC_006995,PRREF_006995,253.70,EUR,ITEM_UNAVAILABLE,COMPLETED,2026-03-02 23:09:04,2026-03-02 23:14:04
REF_006996,PAY_006996,ORD_006996,PROC_006996,PRREF_006996,65.99,USD,FRAUD_SUSPECTED,COMPLETED,2026-03-28 20:47:00,2026-03-28 20:52:00
REF_007001,PAY_007001,ORD_007001,PROC_007001,PRREF_007001,636.99,USD,UNSATISFIED_CUSTOMER,COMPLETED,2026-01-24 20:41:24,2026-01-24 20:46:24
REF_007027,PAY_007027,ORD_007027,PROC_007027,PRREF_007027,24.25,USD,ORDER_CANCELLED,COMPLETED,2026-02-13 19:49:16,2026-02-13 19:54:16
REF_007046,PAY_007046,ORD_007046,PROC_007046,PRREF_007046,557.49,USD,FRAUD_SUSPECTED,COMPLETED,2026-03-08 07:45:42,2026-03-08 07:50:42
REF_007066,PAY_007066,ORD_007066,PROC_007066,PRREF_007066,218.88,USD,PARTIAL_RETURN,COMPLETED,2026-03-17 20:18:58,2026-03-17 20:23:58
REF_007072,PAY_007072,ORD_007072,PROC_007072,PRREF_007072,370.31,USD,ITEM_UNAVAILABLE,COMPLETED,2026-01-11 21:37:05,2026-01-11 21:42:05
REF_007075,PAY_007075,ORD_007075,PROC_007075,PRREF_007075,248.47,USD,PARTIAL_RETURN,COMPLETED,2026-04-08 02:33:40,2026-04-08 02:38:40
REF_007077,PAY_007077,ORD_007077,PROC_007077,PRREF_007077,184.49,EUR,FULL_RETURN,COMPLETED,2026-02-23 01:28:15,2026-02-23 01:33:15
REF_007093,PAY_007093,ORD_007093,PROC_007093,PRREF_007093,1874.25,INR,PARTIAL_RETURN,COMPLETED,2026-02-12 10:38:08,2026-02-12 10:43:08
REF_007100,PAY_007100,ORD_007100,PROC_007100,PRREF_007100,1812.56,EUR,ITEM_UNAVAILABLE,COMPLETED,2026-03-13 16:14:03,2026-03-13 16:19:03
REF_007103,PAY_007103,ORD_007103,PROC_007103,PRREF_007103,17.88,GBP,PARTIAL_RETURN,COMPLETED,2026-03-22 07:53:44,2026-03-22 07:58:44
REF_007110,PAY_007110,ORD_007110,PROC_007110,PRREF_007110,272.62,EUR,CUSTOMER_SERVICE_ADJUSTMENT,COMPLETED,2026-01-09 11:17:11,2026-01-09 11:22:11
REF_007122,PAY_007122,ORD_007122,PROC_007122,PRREF_007122,256.25,EUR,FRAUD_SUSPECTED,COMPLETED,2026-02-10 15:36:22,2026-02-10 15:41:22
REF_007128,PAY_007128,ORD_007128,PROC_007128,PRREF_007128,39.50,GBP,CUSTOMER_SERVICE_ADJUSTMENT,COMPLETED,2026-03-07 09:58:57,2026-03-07 10:03:57
REF_007140,PAY_007140,ORD_007140,PROC_007140,PRREF_007140,605.00,EUR,FRAUD_SUSPECTED,COMPLETED,2026-02-24 19:06:59,2026-02-24 19:11:59
REF_007167,PAY_007167,ORD_007167,PROC_007167,PRREF_007167,238.75,USD,ORDER_CANCELLED,COMPLETED,2026-03-28 08:41:55,2026-03-28 08:46:55
REF_007174,PAY_007174,ORD_007174,PROC_007174,PRREF_007174,25.10,CAD,CUSTOMER_SERVICE_ADJUSTMENT,COMPLETED,2026-01-07 20:21:32,2026-01-07 20:26:32
REF_007191,PAY_007191,ORD_007191,PROC_007191,PRREF_007191,1084.75,EUR,ORDER_CANCELLED,COMPLETED,2026-02-07 19:31:16,2026-02-07 19:36:16
REF_007192,PAY_007192,ORD_007192,PROC_007192,PRREF_007192,3198.80,EUR,ORDER_CANCELLED,COMPLETED,2026-02-20 23:51:06,2026-02-20 23:56:06
REF_007196,PAY_007196,ORD_007196,PROC_007196,PRREF_007196,10.05,EUR,ITEM_UNAVAILABLE,COMPLETED,2026-03-23 04:22:29,2026-03-23 04:27:29
REF_007198,PAY_007198,ORD_007198,PROC_007198,PRREF_007198,85.50,GBP,CUSTOMER_SERVICE_ADJUSTMENT,COMPLETED,2026-02-10 08:27:40,2026-02-10 08:32:40
REF_007210,PAY_007210,ORD_007210,PROC_007210,PRREF_007210,642.25,EUR,ORDER_CANCELLED,COMPLETED,2026-02-15 03:41:43,2026-02-15 03:46:43
REF_007237,PAY_007237,ORD_007237,PROC_007237,PRREF_007237,216.80,GBP,ORDER_CANCELLED,COMPLETED,2026-02-08 14:59:41,2026-02-08 15:04:41
REF_007257,PAY_007257,ORD_007257,PROC_007257,PRREF_007257,649.25,USD,FULL_RETURN,COMPLETED,2026-01-31 01:15:01,2026-01-31 01:20:01
REF_007278,PAY_007278,ORD_007278,PROC_007278,PRREF_007278,256.35,EUR,CUSTOMER_SERVICE_ADJUSTMENT,COMPLETED,2026-03-20 04:42:19,2026-03-20 04:47:19
REF_007287,PAY_007287,ORD_007287,PROC_007287,PRREF_007287,422.00,EUR,UNSATISFIED_CUSTOMER,COMPLETED,2026-03-11 08:15:44,2026-03-11 08:20:44
REF_007300,PAY_007300,ORD_007300,PROC_007300,PRREF_007300,499.00,INR,ORDER_CANCELLED,COMPLETED,2026-01-05 20:54:22,2026-01-05 20:59:22
REF_007323,PAY_007323,ORD_007323,PROC_007323,PRREF_007323,523.80,GBP,UNSATISFIED_CUSTOMER,COMPLETED,2026-03-17 16:13:36,2026-03-17 16:18:36
REF_007337,PAY_007337,ORD_007337,PROC_007337,PRREF_007337,1279.12,EUR,ITEM_UNAVAILABLE,COMPLETED,2026-02-23 17:55:38,2026-02-23 18:00:38
REF_007361,PAY_007361,ORD_007361,PROC_007361,PRREF_007361,33.71,GBP,ITEM_UNAVAILABLE,COMPLETED,2026-01-09 05:31:00,2026-01-09 05:36:00
REF_007384,PAY_007384,ORD_007384,PROC_007384,PRREF_007384,520.15,EUR,ITEM_UNAVAILABLE,COMPLETED,2026-02-21 22:35:48,2026-02-21 22:40:48
REF_007386,PAY_007386,ORD_007386,PROC_007386,PRREF_007386,311.49,USD,UNSATISFIED_CUSTOMER,COMPLETED,2026-02-03 06:29:53,2026-02-03 06:34:53
REF_007408,PAY_007408,ORD_007408,PROC_007408,PRREF_007408,2081.50,EUR,FRAUD_SUSPECTED,COMPLETED,2026-03-08 17:38:04,2026-03-08 17:43:04
REF_007417,PAY_007417,ORD_007417,PROC_007417,PRREF_007417,339.60,EUR,CUSTOMER_SERVICE_ADJUSTMENT,COMPLETED,2026-02-17 06:59:07,2026-02-17 07:04:07
REF_007418,PAY_007418,ORD_007418,PROC_007418,PRREF_007418,979.95,EUR,PARTIAL_RETURN,COMPLETED,2026-04-04 05:14:29,2026-04-04 05:19:29
REF_007458,PAY_007458,ORD_007458,PROC_007458,PRREF_007458,599.25,INR,PARTIAL_RETURN,COMPLETED,2026-02-28 23:58:40,2026-03-01 00:03:40
REF_007487,PAY_007487,ORD_007487,PROC_007487,PRREF_007487,344.49,EUR,FRAUD_SUSPECTED,COMPLETED,2026-03-22 08:54:34,2026-03-22 08:59:34
REF_007489,PAY_007489,ORD_007489,PROC_007489,PRREF_007489,4.88,GBP,ITEM_UNAVAILABLE,COMPLETED,2026-01-27 06:14:17,2026-01-27 06:19:17
REF_007492,PAY_007492,ORD_007492,PROC_007492,PRREF_007492,20.68,EUR,ITEM_UNAVAILABLE,COMPLETED,2026-03-30 17:44:33,2026-03-30 17:49:33
REF_007502,PAY_007502,ORD_007502,PROC_007502,PRREF_007502,2999.70,INR,PARTIAL_RETURN,COMPLETED,2026-04-06 17:02:54,2026-04-06 17:07:54
REF_007519,PAY_007519,ORD_007519,PROC_007519,PRREF_007519,29.80,EUR,UNSATISFIED_CUSTOMER,COMPLETED,2026-03-06 18:55:28,2026-03-06 19:00:28
REF_007567,PAY_007567,ORD_007567,PROC_007567,PRREF_007567,83.00,USD,PARTIAL_RETURN,COMPLETED,2026-01-28 14:28:11,2026-01-28 14:33:11
REF_007575,PAY_007575,ORD_007575,PROC_007575,PRREF_007575,28.25,GBP,ORDER_CANCELLED,COMPLETED,2026-02-07 21:22:12,2026-02-07 21:27:12
REF_007596,PAY_007596,ORD_007596,PROC_007596,PRREF_007596,15000.00,INR,UNSATISFIED_CUSTOMER,COMPLETED,2026-01-21 22:07:09,2026-01-21 22:12:09
REF_007606,PAY_007606,ORD_007606,PROC_007606,PRREF_007606,9999.00,INR,FULL_RETURN,COMPLETED,2026-02-01 12:03:47,2026-02-01 12:08:47
REF_007608,PAY_007608,ORD_007608,PROC_007608,PRREF_007608,459.50,GBP,UNSATISFIED_CUSTOMER,COMPLETED,2026-03-01 18:46:28,2026-03-01 18:51:28
REF_007613,PAY_007613,ORD_007613,PROC_007613,PRREF_007613,499.50,INR,ITEM_UNAVAILABLE,COMPLETED,2026-02-11 18:41:38,2026-02-11 18:46:38
REF_007648,PAY_007648,ORD_007648,PROC_007648,PRREF_007648,1436.47,USD,ITEM_UNAVAILABLE,COMPLETED,2026-02-06 04:44:36,2026-02-06 04:49:36
REF_007697,PAY_007697,ORD_007697,PROC_007697,PRREF_007697,45.38,GBP,PARTIAL_RETURN,COMPLETED,2026-01-22 03:06:13,2026-01-22 03:11:13
REF_007708,PAY_007708,ORD_007708,PROC_007708,PRREF_007708,356.99,USD,ORDER_CANCELLED,COMPLETED,2026-02-23 02:49:58,2026-02-23 02:54:58
REF_007724,PAY_007724,ORD_007724,PROC_007724,PRREF_007724,1499.70,INR,ITEM_UNAVAILABLE,COMPLETED,2026-03-06 00:08:57,2026-03-06 00:13:57
REF_007738,PAY_007738,ORD_007738,PROC_007738,PRREF_007738,1499.00,INR,FULL_RETURN,COMPLETED,2026-03-05 11:30:39,2026-03-05 11:35:39
REF_007743,PAY_007743,ORD_007743,PROC_007743,PRREF_007743,46.20,USD,ITEM_UNAVAILABLE,COMPLETED,2026-01-31 21:58:12,2026-01-31 22:03:12
REF_007754,PAY_007754,ORD_007754,PROC_007754,PRREF_007754,77.49,USD,FRAUD_SUSPECTED,COMPLETED,2026-03-31 19:41:59,2026-03-31 19:46:59
REF_007767,PAY_007767,ORD_007767,PROC_007767,PRREF_007767,21.50,GBP,ORDER_CANCELLED,COMPLETED,2026-02-07 01:17:22,2026-02-07 01:22:22
REF_007791,PAY_007791,ORD_007791,PROC_007791,PRREF_007791,619.25,USD,FRAUD_SUSPECTED,COMPLETED,2026-03-02 22:12:01,2026-03-02 22:17:01
REF_007836,PAY_007836,ORD_007836,PROC_007836,PRREF_007836,33.49,EUR,UNSATISFIED_CUSTOMER,COMPLETED,2026-03-23 15:35:17,2026-03-23 15:40:17
REF_007856,PAY_007856,ORD_007856,PROC_007856,PRREF_007856,106.65,USD,CUSTOMER_SERVICE_ADJUSTMENT,COMPLETED,2026-02-02 17:54:47,2026-02-02 17:59:47
REF_007869,PAY_007869,ORD_007869,PROC_007869,PRREF_007869,2241.37,USD,CUSTOMER_SERVICE_ADJUSTMENT,COMPLETED,2026-03-30 20:05:48,2026-03-30 20:10:48
REF_007879,PAY_007879,ORD_007879,PROC_007879,PRREF_007879,84.95,EUR,PARTIAL_RETURN,COMPLETED,2026-03-15 06:49:08,2026-03-15 06:54:08
REF_007901,PAY_007901,ORD_007901,PROC_007901,PRREF_007901,5.50,GBP,PARTIAL_RETURN,COMPLETED,2026-01-17 23:56:52,2026-01-18 00:01:52
REF_007910,PAY_007910,ORD_007910,PROC_007910,PRREF_007910,31.99,EUR,FRAUD_SUSPECTED,COMPLETED,2026-01-31 09:52:09,2026-01-31 09:57:09
REF_007912,PAY_007912,ORD_007912,PROC_007912,PRREF_007912,68.75,GBP,UNSATISFIED_CUSTOMER,COMPLETED,2026-01-28 08:21:33,2026-01-28 08:26:33
REF_007943,PAY_007943,ORD_007943,PROC_007943,PRREF_007943,4999.50,INR,PARTIAL_RETURN,COMPLETED,2026-01-25 02:20:28,2026-01-25 02:25:28
REF_007956,PAY_007956,ORD_007956,PROC_007956,PRREF_007956,75.00,USD,ORDER_CANCELLED,COMPLETED,2026-04-01 03:07:36,2026-04-01 03:12:36
REF_007957,PAY_007957,ORD_007957,PROC_007957,PRREF_007957,1499.00,INR,UNSATISFIED_CUSTOMER,COMPLETED,2026-01-11 22:38:56,2026-01-11 22:43:56
REF_007958,PAY_007958,ORD_007958,PROC_007958,PRREF_007958,33.24,EUR,CUSTOMER_SERVICE_ADJUSTMENT,COMPLETED,2026-03-01 17:12:40,2026-03-01 17:17:40
REF_007967,PAY_007967,ORD_007967,PROC_007967,PRREF_007967,374.25,INR,ITEM_UNAVAILABLE,COMPLETED,2026-02-28 06:14:53,2026-02-28 06:19:53
REF_007971,PAY_007971,ORD_007971,PROC_007971,PRREF_007971,14.25,GBP,CUSTOMER_SERVICE_ADJUSTMENT,COMPLETED,2026-02-21 12:25:09,2026-02-21 12:30:09
REF_007975,PAY_007975,ORD_007975,PROC_007975,PRREF_007975,22.80,EUR,PARTIAL_RETURN,COMPLETED,2026-02-04 11:51:37,2026-02-04 11:56:37
REF_007992,PAY_007992,ORD_007992,PROC_007992,PRREF_007992,499.00,INR,FULL_RETURN,COMPLETED,2026-03-01 00:05:17,2026-03-01 00:10:17
REF_008002,PAY_008002,ORD_008002,PROC_008002,PRREF_008002,66.45,CAD,ITEM_UNAVAILABLE,COMPLETED,2026-02-21 11:17:43,2026-02-21 11:22:43
REF_008016,PAY_008016,ORD_008016,PROC_008016,PRREF_008016,2564.80,USD,UNSATISFIED_CUSTOMER,COMPLETED,2026-03-26 21:22:31,2026-03-26 21:27:31
REF_008038,PAY_008038,ORD_008038,PROC_008038,PRREF_008038,36.75,USD,FRAUD_SUSPECTED,COMPLETED,2026-01-09 15:28:51,2026-01-09 15:33:51
REF_008048,PAY_008048,ORD_008048,PROC_008048,PRREF_008048,897.67,USD,PARTIAL_RETURN,COMPLETED,2026-03-17 19:42:42,2026-03-17 19:47:42
REF_008051,PAY_008051,ORD_008051,PROC_008051,PRREF_008051,9999.00,INR,FRAUD_SUSPECTED,COMPLETED,2026-01-31 09:05:57,2026-01-31 09:10:57
REF_008052,PAY_008052,ORD_008052,PROC_008052,PRREF_008052,23.94,USD,ITEM_UNAVAILABLE,COMPLETED,2026-03-29 08:19:33,2026-03-29 08:24:33
REF_008070,PAY_008070,ORD_008070,PROC_008070,PRREF_008070,75.75,EUR,UNSATISFIED_CUSTOMER,COMPLETED,2026-02-10 17:49:10,2026-02-10 17:54:10
REF_008080,PAY_008080,ORD_008080,PROC_008080,PRREF_008080,12.90,EUR,CUSTOMER_SERVICE_ADJUSTMENT,COMPLETED,2026-03-01 03:17:47,2026-03-01 03:22:47
REF_008101,PAY_008101,ORD_008101,PROC_008101,PRREF_008101,216.75,USD,ORDER_CANCELLED,COMPLETED,2026-01-24 13:11:48,2026-01-24 13:16:48
REF_008155,PAY_008155,ORD_008155,PROC_008155,PRREF_008155,17.55,USD,PARTIAL_RETURN,COMPLETED,2026-03-14 22:14:31,2026-03-14 22:19:31
REF_008172,PAY_008172,ORD_008172,PROC_008172,PRREF_008172,120.45,EUR,ITEM_UNAVAILABLE,COMPLETED,2026-03-16 16:01:53,2026-03-16 16:06:53
REF_008173,PAY_008173,ORD_008173,PROC_008173,PRREF_008173,130.20,GBP,CUSTOMER_SERVICE_ADJUSTMENT,COMPLETED,2026-03-05 11:07:54,2026-03-05 11:12:54
REF_008195,PAY_008195,ORD_008195,PROC_008195,PRREF_008195,20.99,EUR,FRAUD_SUSPECTED,COMPLETED,2026-03-21 16:29:13,2026-03-21 16:34:13
REF_008209,PAY_008209,ORD_008209,PROC_008209,PRREF_008209,9999.00,INR,FRAUD_SUSPECTED,COMPLETED,2026-03-06 13:06:12,2026-03-06 13:11:12
REF_008218,PAY_008218,ORD_008218,PROC_008218,PRREF_008218,47.44,EUR,CUSTOMER_SERVICE_ADJUSTMENT,COMPLETED,2026-03-08 08:47:03,2026-03-08 08:52:03
REF_008221,PAY_008221,ORD_008221,PROC_008221,PRREF_008221,151.75,EUR,FULL_RETURN,COMPLETED,2026-03-07 15:06:31,2026-03-07 15:11:31
REF_008230,PAY_008230,ORD_008230,PROC_008230,PRREF_008230,68.50,GBP,FRAUD_SUSPECTED,COMPLETED,2026-03-09 16:32:25,2026-03-09 16:37:25
REF_008254,PAY_008254,ORD_008254,PROC_008254,PRREF_008254,71.80,USD,UNSATISFIED_CUSTOMER,COMPLETED,2026-03-29 08:35:05,2026-03-29 08:40:05
REF_008259,PAY_008259,ORD_008259,PROC_008259,PRREF_008259,17.95,CAD,FULL_RETURN,COMPLETED,2026-02-21 16:56:19,2026-02-21 17:01:19
REF_008335,PAY_008335,ORD_008335,PROC_008335,PRREF_008335,35.95,USD,FULL_RETURN,COMPLETED,2026-01-22 04:08:34,2026-01-22 04:13:34
REF_008350,PAY_008350,ORD_008350,PROC_008350,PRREF_008350,196.00,EUR,FRAUD_SUSPECTED,COMPLETED,2026-01-19 02:13:07,2026-01-19 02:18:07
REF_008409,PAY_008409,ORD_008409,PROC_008409,PRREF_008409,104.62,CAD,ITEM_UNAVAILABLE,COMPLETED,2026-02-12 06:20:55,2026-02-12 06:25:55
REF_008410,PAY_008410,ORD_008410,PROC_008410,PRREF_008410,589.95,USD,FULL_RETURN,COMPLETED,2026-03-31 11:13:21,2026-03-31 11:18:21
REF_008425,PAY_008425,ORD_008425,PROC_008425,PRREF_008425,469.75,GBP,FULL_RETURN,COMPLETED,2026-02-04 16:36:52,2026-02-04 16:41:52
REF_008428,PAY_008428,ORD_008428,PROC_008428,PRREF_008428,193.50,EUR,UNSATISFIED_CUSTOMER,COMPLETED,2026-03-14 14:07:01,2026-03-14 14:12:01
REF_008439,PAY_008439,ORD_008439,PROC_008439,PRREF_008439,138.00,EUR,FRAUD_SUSPECTED,COMPLETED,2026-03-09 02:34:57,2026-03-09 02:39:57
REF_008461,PAY_008461,ORD_008461,PROC_008461,PRREF_008461,156.97,GBP,PARTIAL_RETURN,COMPLETED,2026-03-01 10:34:45,2026-03-01 10:39:45
REF_008472,PAY_008472,ORD_008472,PROC_008472,PRREF_008472,241.35,USD,PARTIAL_RETURN,COMPLETED,2026-03-08 19:14:23,2026-03-08 19:19:23
REF_008479,PAY_008479,ORD_008479,PROC_008479,PRREF_008479,11.56,USD,PARTIAL_RETURN,COMPLETED,2026-03-23 15:18:59,2026-03-23 15:23:59
REF_008489,PAY_008489,ORD_008489,PROC_008489,PRREF_008489,305.12,USD,ITEM_UNAVAILABLE,COMPLETED,2026-03-12 09:10:11,2026-03-12 09:15:11
REF_008531,PAY_008531,ORD_008531,PROC_008531,PRREF_008531,3046.95,USD,UNSATISFIED_CUSTOMER,COMPLETED,2026-02-17 04:48:16,2026-02-17 04:53:16
REF_008532,PAY_008532,ORD_008532,PROC_008532,PRREF_008532,13.90,EUR,CUSTOMER_SERVICE_ADJUSTMENT,COMPLETED,2026-02-16 00:25:40,2026-02-16 00:30:40
REF_008568,PAY_008568,ORD_008568,PROC_008568,PRREF_008568,109.99,GBP,PARTIAL_RETURN,COMPLETED,2026-04-02 11:12:42,2026-04-02 11:17:42
REF_008575,PAY_008575,ORD_008575,PROC_008575,PRREF_008575,2999.70,INR,ITEM_UNAVAILABLE,COMPLETED,2026-01-29 15:01:07,2026-01-29 15:06:07
REF_008583,PAY_008583,ORD_008583,PROC_008583,PRREF_008583,22.57,USD,PARTIAL_RETURN,COMPLETED,2026-03-07 11:31:15,2026-03-07 11:36:15
REF_008594,PAY_008594,ORD_008594,PROC_008594,PRREF_008594,11.99,EUR,CUSTOMER_SERVICE_ADJUSTMENT,COMPLETED,2026-03-31 13:10:38,2026-03-31 13:15:38
REF_008622,PAY_008622,ORD_008622,PROC_008622,PRREF_008622,85.95,USD,PARTIAL_RETURN,COMPLETED,2026-03-04 04:07:33,2026-03-04 04:12:33
REF_008624,PAY_008624,ORD_008624,PROC_008624,PRREF_008624,15.39,GBP,CUSTOMER_SERVICE_ADJUSTMENT,COMPLETED,2026-02-15 12:47:51,2026-02-15 12:52:51
REF_008633,PAY_008633,ORD_008633,PROC_008633,PRREF_008633,537.99,USD,FULL_RETURN,COMPLETED,2026-02-23 11:12:09,2026-02-23 11:17:09
REF_008682,PAY_008682,ORD_008682,PROC_008682,PRREF_008682,59.75,USD,FRAUD_SUSPECTED,COMPLETED,2026-04-02 23:15:31,2026-04-02 23:20:31
REF_008689,PAY_008689,ORD_008689,PROC_008689,PRREF_008689,260.00,EUR,ITEM_UNAVAILABLE,COMPLETED,2026-01-07 01:46:21,2026-01-07 01:51:21
REF_008713,PAY_008713,ORD_008713,PROC_008713,PRREF_008713,20.95,EUR,UNSATISFIED_CUSTOMER,COMPLETED,2026-01-11 20:05:22,2026-01-11 20:10:22
REF_008741,PAY_008741,ORD_008741,PROC_008741,PRREF_008741,32.40,USD,PARTIAL_RETURN,COMPLETED,2026-03-09 12:56:37,2026-03-09 13:01:37
REF_008765,PAY_008765,ORD_008765,PROC_008765,PRREF_008765,67.25,CAD,FULL_RETURN,COMPLETED,2026-01-25 15:17:17,2026-01-25 15:22:17
REF_008781,PAY_008781,ORD_008781,PROC_008781,PRREF_008781,1706.25,GBP,ITEM_UNAVAILABLE,COMPLETED,2026-02-02 04:58:10,2026-02-02 05:03:10
REF_008784,PAY_008784,ORD_008784,PROC_008784,PRREF_008784,582.50,USD,UNSATISFIED_CUSTOMER,COMPLETED,2026-02-05 17:33:12,2026-02-05 17:38:12
REF_008804,PAY_008804,ORD_008804,PROC_008804,PRREF_008804,45.40,GBP,CUSTOMER_SERVICE_ADJUSTMENT,COMPLETED,2026-03-03 15:19:59,2026-03-03 15:24:59
REF_008807,PAY_008807,ORD_008807,PROC_008807,PRREF_008807,224.25,INR,ITEM_UNAVAILABLE,COMPLETED,2026-02-19 04:35:47,2026-02-19 04:40:47
REF_008810,PAY_008810,ORD_008810,PROC_008810,PRREF_008810,12.55,GBP,PARTIAL_RETURN,COMPLETED,2026-02-19 12:44:20,2026-02-19 12:49:20
REF_008816,PAY_008816,ORD_008816,PROC_008816,PRREF_008816,38.95,USD,ORDER_CANCELLED,COMPLETED,2026-02-17 14:10:27,2026-02-17 14:15:27
REF_008904,PAY_008904,ORD_008904,PROC_008904,PRREF_008904,497.00,EUR,FRAUD_SUSPECTED,COMPLETED,2026-02-05 12:06:27,2026-02-05 12:11:27
REF_008922,PAY_008922,ORD_008922,PROC_008922,PRREF_008922,8.70,USD,PARTIAL_RETURN,COMPLETED,2026-03-04 05:06:53,2026-03-04 05:11:53
REF_008923,PAY_008923,ORD_008923,PROC_008923,PRREF_008923,34.25,USD,FULL_RETURN,COMPLETED,2026-02-11 20:35:20,2026-02-11 20:40:20
REF_009016,PAY_009016,ORD_009016,PROC_009016,PRREF_009016,360.49,EUR,FULL_RETURN,COMPLETED,2026-02-13 13:42:48,2026-02-13 13:47:48
REF_009029,PAY_009029,ORD_009029,PROC_009029,PRREF_009029,297.50,GBP,UNSATISFIED_CUSTOMER,COMPLETED,2026-02-10 09:14:04,2026-02-10 09:19:04
REF_009034,PAY_009034,ORD_009034,PROC_009034,PRREF_009034,119.10,GBP,ITEM_UNAVAILABLE,COMPLETED,2026-03-12 20:22:48,2026-03-12 20:27:48
REF_009065,PAY_009065,ORD_009065,PROC_009065,PRREF_009065,418.40,USD,CUSTOMER_SERVICE_ADJUSTMENT,COMPLETED,2026-01-03 16:02:09,2026-01-03 16:07:09
REF_009071,PAY_009071,ORD_009071,PROC_009071,PRREF_009071,123.79,USD,CUSTOMER_SERVICE_ADJUSTMENT,COMPLETED,2026-02-26 12:37:09,2026-02-26 12:42:09
REF_009082,PAY_009082,ORD_009082,PROC_009082,PRREF_009082,87.70,GBP,PARTIAL_RETURN,COMPLETED,2026-02-14 20:46:20,2026-02-14 20:51:20
REF_009111,PAY_009111,ORD_009111,PROC_009111,PRREF_009111,8.68,USD,ITEM_UNAVAILABLE,COMPLETED,2026-04-03 12:50:14,2026-04-03 12:55:14
REF_009118,PAY_009118,ORD_009118,PROC_009118,PRREF_009118,218.50,EUR,CUSTOMER_SERVICE_ADJUSTMENT,COMPLETED,2026-02-20 07:15:53,2026-02-20 07:20:53
REF_009146,PAY_009146,ORD_009146,PROC_009146,PRREF_009146,24.75,EUR,ITEM_UNAVAILABLE,COMPLETED,2026-03-27 14:34:44,2026-03-27 14:39:44
REF_009214,PAY_009214,ORD_009214,PROC_009214,PRREF_009214,794.00,USD,ORDER_CANCELLED,COMPLETED,2026-02-11 09:28:52,2026-02-11 09:33:52
REF_009260,PAY_009260,ORD_009260,PROC_009260,PRREF_009260,2499.00,INR,ORDER_CANCELLED,COMPLETED,2026-02-24 00:29:47,2026-02-24 00:34:47
REF_009266,PAY_009266,ORD_009266,PROC_009266,PRREF_009266,186.49,USD,FRAUD_SUSPECTED,COMPLETED,2026-03-30 12:16:44,2026-03-30 12:21:44
REF_009281,PAY_009281,ORD_009281,PROC_009281,PRREF_009281,799.00,INR,UNSATISFIED_CUSTOMER,COMPLETED,2026-03-30 01:01:44,2026-03-30 01:06:44
REF_009302,PAY_009302,ORD_009302,PROC_009302,PRREF_009302,87.38,USD,PARTIAL_RETURN,COMPLETED,2026-03-04 12:33:31,2026-03-04 12:38:31
REF_009331,PAY_009331,ORD_009331,PROC_009331,PRREF_009331,666.15,EUR,PARTIAL_RETURN,COMPLETED,2026-02-02 16:20:06,2026-02-02 16:25:06
REF_009343,PAY_009343,ORD_009343,PROC_009343,PRREF_009343,23.06,EUR,PARTIAL_RETURN,COMPLETED,2026-03-07 02:26:53,2026-03-07 02:31:53
REF_009347,PAY_009347,ORD_009347,PROC_009347,PRREF_009347,21.99,GBP,FRAUD_SUSPECTED,COMPLETED,2026-03-22 12:45:17,2026-03-22 12:50:17
REF_009463,PAY_009463,ORD_009463,PROC_009463,PRREF_009463,17.40,CAD,PARTIAL_RETURN,COMPLETED,2026-03-05 22:20:24,2026-03-05 22:25:24
REF_009473,PAY_009473,ORD_009473,PROC_009473,PRREF_009473,9.90,USD,CUSTOMER_SERVICE_ADJUSTMENT,COMPLETED,2026-02-08 21:44:22,2026-02-08 21:49:22
REF_009477,PAY_009477,ORD_009477,PROC_009477,PRREF_009477,783.25,USD,UNSATISFIED_CUSTOMER,COMPLETED,2026-02-15 17:37:28,2026-02-15 17:42:28
REF_009486,PAY_009486,ORD_009486,PROC_009486,PRREF_009486,46.00,EUR,PARTIAL_RETURN,COMPLETED,2026-03-26 17:03:12,2026-03-26 17:08:12
REF_009513,PAY_009513,ORD_009513,PROC_009513,PRREF_009513,239.70,INR,PARTIAL_RETURN,COMPLETED,2026-01-17 14:39:36,2026-01-17 14:44:36
REF_009518,PAY_009518,ORD_009518,PROC_009518,PRREF_009518,3000.00,INR,ITEM_UNAVAILABLE,COMPLETED,2026-01-27 07:22:34,2026-01-27 07:27:34
REF_009545,PAY_009545,ORD_009545,PROC_009545,PRREF_009545,8.76,EUR,ITEM_UNAVAILABLE,COMPLETED,2026-03-26 09:16:01,2026-03-26 09:21:01
REF_009555,PAY_009555,ORD_009555,PROC_009555,PRREF_009555,33.24,GBP,PARTIAL_RETURN,COMPLETED,2026-01-26 14:33:49,2026-01-26 14:38:49
REF_009564,PAY_009564,ORD_009564,PROC_009564,PRREF_009564,20.21,EUR,ITEM_UNAVAILABLE,COMPLETED,2026-02-22 05:46:47,2026-02-22 05:51:47
REF_009580,PAY_009580,ORD_009580,PROC_009580,PRREF_009580,25.12,GBP,ITEM_UNAVAILABLE,COMPLETED,2026-02-23 16:05:52,2026-02-23 16:10:52
REF_009651,PAY_009651,ORD_009651,PROC_009651,PRREF_009651,1499.25,INR,PARTIAL_RETURN,COMPLETED,2026-03-04 08:13:21,2026-03-04 08:18:21
REF_009668,PAY_009668,ORD_009668,PROC_009668,PRREF_009668,392.50,USD,UNSATISFIED_CUSTOMER,COMPLETED,2026-01-27 04:06:16,2026-01-27 04:11:16
REF_009680,PAY_009680,ORD_009680,PROC_009680,PRREF_009680,3.79,EUR,PARTIAL_RETURN,COMPLETED,2026-03-28 05:04:27,2026-03-28 05:09:27
REF_009700,PAY_009700,ORD_009700,PROC_009700,PRREF_009700,203.75,USD,UNSATISFIED_CUSTOMER,COMPLETED,2026-02-08 16:22:44,2026-02-08 16:27:44
REF_009716,PAY_009716,ORD_009716,PROC_009716,PRREF_009716,3000.00,INR,PARTIAL_RETURN,COMPLETED,2026-01-15 19:34:33,2026-01-15 19:39:33
REF_009719,PAY_009719,ORD_009719,PROC_009719,PRREF_009719,75.95,CAD,ORDER_CANCELLED,COMPLETED,2026-03-09 21:27:06,2026-03-09 21:32:06
REF_009720,PAY_009720,ORD_009720,PROC_009720,PRREF_009720,35.44,USD,CUSTOMER_SERVICE_ADJUSTMENT,COMPLETED,2026-02-10 18:06:05,2026-02-10 18:11:05
REF_009767,PAY_009767,ORD_009767,PROC_009767,PRREF_009767,799.00,INR,FRAUD_SUSPECTED,COMPLETED,2026-03-12 06:51:34,2026-03-12 06:56:34
REF_009797,PAY_009797,ORD_009797,PROC_009797,PRREF_009797,15.60,USD,PARTIAL_RETURN,COMPLETED,2026-01-16 06:57:31,2026-01-16 07:02:31
REF_009818,PAY_009818,ORD_009818,PROC_009818,PRREF_009818,8.40,USD,CUSTOMER_SERVICE_ADJUSTMENT,COMPLETED,2026-03-26 09:50:56,2026-03-26 09:55:56
REF_009827,PAY_009827,ORD_009827,PROC_009827,PRREF_009827,43.99,USD,FRAUD_SUSPECTED,COMPLETED,2026-02-19 08:32:43,2026-02-19 08:37:43
REF_009834,PAY_009834,ORD_009834,PROC_009834,PRREF_009834,425.25,EUR,FRAUD_SUSPECTED,COMPLETED,2026-03-25 16:05:17,2026-03-25 16:10:17
REF_009851,PAY_009851,ORD_009851,PROC_009851,PRREF_009851,3999.00,INR,UNSATISFIED_CUSTOMER,COMPLETED,2026-01-11 19:55:42,2026-01-11 20:00:42
REF_009860,PAY_009860,ORD_009860,PROC_009860,PRREF_009860,10.05,EUR,PARTIAL_RETURN,COMPLETED,2026-03-15 08:32:26,2026-03-15 08:37:26
REF_009862,PAY_009862,ORD_009862,PROC_009862,PRREF_009862,149.50,INR,PARTIAL_RETURN,COMPLETED,2026-03-01 16:25:39,2026-03-01 16:30:39
REF_009872,PAY_009872,ORD_009872,PROC_009872,PRREF_009872,1092.49,USD,ORDER_CANCELLED,COMPLETED,2026-03-03 07:44:43,2026-03-03 07:49:43
REF_009877,PAY_009877,ORD_009877,PROC_009877,PRREF_009877,168.75,EUR,ORDER_CANCELLED,COMPLETED,2026-02-11 07:32:53,2026-02-11 07:37:53
REF_009891,PAY_009891,ORD_009891,PROC_009891,PRREF_009891,244.25,EUR,ITEM_UNAVAILABLE,COMPLETED,2026-04-01 21:20:57,2026-04-01 21:25:57
REF_009928,PAY_009928,ORD_009928,PROC_009928,PRREF_009928,218.49,CAD,ORDER_CANCELLED,COMPLETED,2026-03-15 23:58:09,2026-03-16 00:03:09
REF_009955,PAY_009955,ORD_009955,PROC_009955,PRREF_009955,303.80,EUR,UNSATISFIED_CUSTOMER,COMPLETED,2026-02-10 06:24:44,2026-02-10 06:29:44
REF_009984,PAY_009984,ORD_009984,PROC_009984,PRREF_009984,136.28,USD,PARTIAL_RETURN,COMPLETED,2026-01-26 12:16:03,2026-01-26 12:21:03
