scenario_id,result_scope,work_key,settlement_batch_id,internal_payment_id,processor_transaction_id,bank_entry_id,expected_outcome,expected_reason_code,expected_difference,explanation
clean-settlement,ORDER,SYNTH-ORDER-000001,,SYNTH-INT-000001,SYNTH-PROC-000001,,MATCHED,L1_EXACT_ORDER_MATCH,0.00,"Merchant order ID, currency, gross amount and configured processor fee all match."
clean-settlement,ORDER,SYNTH-ORDER-000002,,SYNTH-INT-000002,SYNTH-PROC-000002,,MATCHED,L1_EXACT_ORDER_MATCH,0.00,"Merchant order ID, currency, gross amount and configured processor fee all match."
clean-settlement,ORDER,SYNTH-ORDER-000003,,SYNTH-INT-000003,SYNTH-PROC-000003,,MATCHED,L1_EXACT_ORDER_MATCH,0.00,"Merchant order ID, currency, gross amount and configured processor fee all match."
clean-settlement,ORDER,SYNTH-ORDER-000004,,SYNTH-INT-000004,SYNTH-PROC-000004,,MATCHED,L1_EXACT_ORDER_MATCH,0.00,"Merchant order ID, currency, gross amount and configured processor fee all match."
clean-settlement,ORDER,SYNTH-ORDER-000005,,SYNTH-INT-000005,SYNTH-PROC-000005,,MATCHED,L1_EXACT_ORDER_MATCH,0.00,"Merchant order ID, currency, gross amount and configured processor fee all match."
clean-settlement,ORDER,SYNTH-ORDER-000006,,SYNTH-INT-000006,SYNTH-PROC-000006,,MATCHED,L1_EXACT_ORDER_MATCH,0.00,"Merchant order ID, currency, gross amount and configured processor fee all match."
clean-settlement,ORDER,SYNTH-ORDER-000007,,SYNTH-INT-000007,SYNTH-PROC-000007,,MATCHED,L1_EXACT_ORDER_MATCH,0.00,"Merchant order ID, currency, gross amount and configured processor fee all match."
clean-settlement,ORDER,SYNTH-ORDER-000008,,SYNTH-INT-000008,SYNTH-PROC-000008,,MATCHED,L1_EXACT_ORDER_MATCH,0.00,"Merchant order ID, currency, gross amount and configured processor fee all match."
clean-settlement,ORDER,SYNTH-ORDER-000009,,SYNTH-INT-000009,SYNTH-PROC-000009,,MATCHED,L1_EXACT_ORDER_MATCH,0.00,"Merchant order ID, currency, gross amount and configured processor fee all match."
clean-settlement,ORDER,SYNTH-ORDER-000010,,SYNTH-INT-000010,SYNTH-PROC-000010,,MATCHED,L1_EXACT_ORDER_MATCH,0.00,"Merchant order ID, currency, gross amount and configured processor fee all match."
clean-settlement,ORDER,SYNTH-ORDER-000011,,SYNTH-INT-000011,SYNTH-PROC-000011,,MATCHED,L1_EXACT_ORDER_MATCH,0.00,"Merchant order ID, currency, gross amount and configured processor fee all match."
clean-settlement,ORDER,SYNTH-ORDER-000012,,SYNTH-INT-000012,SYNTH-PROC-000012,,MATCHED,L1_EXACT_ORDER_MATCH,0.00,"Merchant order ID, currency, gross amount and configured processor fee all match."
clean-settlement,ORDER,SYNTH-ORDER-000013,,SYNTH-INT-000013,SYNTH-PROC-000013,,MATCHED,L1_EXACT_ORDER_MATCH,0.00,"Merchant order ID, currency, gross amount and configured processor fee all match."
clean-settlement,ORDER,SYNTH-ORDER-000014,,SYNTH-INT-000014,SYNTH-PROC-000014,,MATCHED,L1_EXACT_ORDER_MATCH,0.00,"Merchant order ID, currency, gross amount and configured processor fee all match."
clean-settlement,ORDER,SYNTH-ORDER-000015,,SYNTH-INT-000015,SYNTH-PROC-000015,,MATCHED,L1_EXACT_ORDER_MATCH,0.00,"Merchant order ID, currency, gross amount and configured processor fee all match."
clean-settlement,ORDER,SYNTH-ORDER-000016,,SYNTH-INT-000016,SYNTH-PROC-000016,,MATCHED,L1_EXACT_ORDER_MATCH,0.00,"Merchant order ID, currency, gross amount and configured processor fee all match."
clean-settlement,ORDER,SYNTH-ORDER-000017,,SYNTH-INT-000017,SYNTH-PROC-000017,,MATCHED,L1_EXACT_ORDER_MATCH,0.00,"Merchant order ID, currency, gross amount and configured processor fee all match."
clean-settlement,ORDER,SYNTH-ORDER-000018,,SYNTH-INT-000018,SYNTH-PROC-000018,,MATCHED,L1_EXACT_ORDER_MATCH,0.00,"Merchant order ID, currency, gross amount and configured processor fee all match."
clean-settlement,ORDER,SYNTH-ORDER-000019,,SYNTH-INT-000019,SYNTH-PROC-000019,,MATCHED,L1_EXACT_ORDER_MATCH,0.00,"Merchant order ID, currency, gross amount and configured processor fee all match."
clean-settlement,ORDER,SYNTH-ORDER-000020,,SYNTH-INT-000020,SYNTH-PROC-000020,,MATCHED,L1_EXACT_ORDER_MATCH,0.00,"Merchant order ID, currency, gross amount and configured processor fee all match."
clean-settlement,ORDER,SYNTH-ORDER-000021,,SYNTH-INT-000021,SYNTH-PROC-000021,,MATCHED,L1_EXACT_ORDER_MATCH,0.00,"Merchant order ID, currency, gross amount and configured processor fee all match."
clean-settlement,ORDER,SYNTH-ORDER-000022,,SYNTH-INT-000022,SYNTH-PROC-000022,,MATCHED,L1_EXACT_ORDER_MATCH,0.00,"Merchant order ID, currency, gross amount and configured processor fee all match."
clean-settlement,ORDER,SYNTH-ORDER-000023,,SYNTH-INT-000023,SYNTH-PROC-000023,,MATCHED,L1_EXACT_ORDER_MATCH,0.00,"Merchant order ID, currency, gross amount and configured processor fee all match."
clean-settlement,ORDER,SYNTH-ORDER-000024,,SYNTH-INT-000024,SYNTH-PROC-000024,,MATCHED,L1_EXACT_ORDER_MATCH,0.00,"Merchant order ID, currency, gross amount and configured processor fee all match."
clean-settlement,ORDER,SYNTH-ORDER-000025,,SYNTH-INT-000025,SYNTH-PROC-000025,,MATCHED,L1_EXACT_ORDER_MATCH,0.00,"Merchant order ID, currency, gross amount and configured processor fee all match."
clean-settlement,ORDER,SYNTH-ORDER-000026,,SYNTH-INT-000026,SYNTH-PROC-000026,,MATCHED,L1_EXACT_ORDER_MATCH,0.00,"Merchant order ID, currency, gross amount and configured processor fee all match."
clean-settlement,ORDER,SYNTH-ORDER-000027,,SYNTH-INT-000027,SYNTH-PROC-000027,,MATCHED,L1_EXACT_ORDER_MATCH,0.00,"Merchant order ID, currency, gross amount and configured processor fee all match."
clean-settlement,ORDER,SYNTH-ORDER-000028,,SYNTH-INT-000028,SYNTH-PROC-000028,,MATCHED,L1_EXACT_ORDER_MATCH,0.00,"Merchant order ID, currency, gross amount and configured processor fee all match."
clean-settlement,ORDER,SYNTH-ORDER-000029,,SYNTH-INT-000029,SYNTH-PROC-000029,,MATCHED,L1_EXACT_ORDER_MATCH,0.00,"Merchant order ID, currency, gross amount and configured processor fee all match."
clean-settlement,ORDER,SYNTH-ORDER-000030,,SYNTH-INT-000030,SYNTH-PROC-000030,,MATCHED,L1_EXACT_ORDER_MATCH,0.00,"Merchant order ID, currency, gross amount and configured processor fee all match."
clean-settlement,ORDER,SYNTH-ORDER-000031,,SYNTH-INT-000031,SYNTH-PROC-000031,,MATCHED,L1_EXACT_ORDER_MATCH,0.00,"Merchant order ID, currency, gross amount and configured processor fee all match."
clean-settlement,ORDER,SYNTH-ORDER-000032,,SYNTH-INT-000032,SYNTH-PROC-000032,,MATCHED,L1_EXACT_ORDER_MATCH,0.00,"Merchant order ID, currency, gross amount and configured processor fee all match."
clean-settlement,ORDER,SYNTH-ORDER-000033,,SYNTH-INT-000033,SYNTH-PROC-000033,,MATCHED,L1_EXACT_ORDER_MATCH,0.00,"Merchant order ID, currency, gross amount and configured processor fee all match."
clean-settlement,ORDER,SYNTH-ORDER-000034,,SYNTH-INT-000034,SYNTH-PROC-000034,,MATCHED,L1_EXACT_ORDER_MATCH,0.00,"Merchant order ID, currency, gross amount and configured processor fee all match."
clean-settlement,ORDER,SYNTH-ORDER-000035,,SYNTH-INT-000035,SYNTH-PROC-000035,,MATCHED,L1_EXACT_ORDER_MATCH,0.00,"Merchant order ID, currency, gross amount and configured processor fee all match."
clean-settlement,ORDER,SYNTH-ORDER-000036,,SYNTH-INT-000036,SYNTH-PROC-000036,,MATCHED,L1_EXACT_ORDER_MATCH,0.00,"Merchant order ID, currency, gross amount and configured processor fee all match."
clean-settlement,ORDER,SYNTH-ORDER-000037,,SYNTH-INT-000037,SYNTH-PROC-000037,,MATCHED,L1_EXACT_ORDER_MATCH,0.00,"Merchant order ID, currency, gross amount and configured processor fee all match."
clean-settlement,ORDER,SYNTH-ORDER-000038,,SYNTH-INT-000038,SYNTH-PROC-000038,,MATCHED,L1_EXACT_ORDER_MATCH,0.00,"Merchant order ID, currency, gross amount and configured processor fee all match."
clean-settlement,ORDER,SYNTH-ORDER-000039,,SYNTH-INT-000039,SYNTH-PROC-000039,,MATCHED,L1_EXACT_ORDER_MATCH,0.00,"Merchant order ID, currency, gross amount and configured processor fee all match."
clean-settlement,ORDER,SYNTH-ORDER-000040,,SYNTH-INT-000040,SYNTH-PROC-000040,,MATCHED,L1_EXACT_ORDER_MATCH,0.00,"Merchant order ID, currency, gross amount and configured processor fee all match."
clean-settlement,ORDER,SYNTH-ORDER-000041,,SYNTH-INT-000041,SYNTH-PROC-000041,,MATCHED,L1_EXACT_ORDER_MATCH,0.00,"Merchant order ID, currency, gross amount and configured processor fee all match."
clean-settlement,ORDER,SYNTH-ORDER-000042,,SYNTH-INT-000042,SYNTH-PROC-000042,,MATCHED,L1_EXACT_ORDER_MATCH,0.00,"Merchant order ID, currency, gross amount and configured processor fee all match."
clean-settlement,ORDER,SYNTH-ORDER-000043,,SYNTH-INT-000043,SYNTH-PROC-000043,,MATCHED,L1_EXACT_ORDER_MATCH,0.00,"Merchant order ID, currency, gross amount and configured processor fee all match."
clean-settlement,ORDER,SYNTH-ORDER-000044,,SYNTH-INT-000044,SYNTH-PROC-000044,,MATCHED,L1_EXACT_ORDER_MATCH,0.00,"Merchant order ID, currency, gross amount and configured processor fee all match."
clean-settlement,ORDER,SYNTH-ORDER-000045,,SYNTH-INT-000045,SYNTH-PROC-000045,,MATCHED,L1_EXACT_ORDER_MATCH,0.00,"Merchant order ID, currency, gross amount and configured processor fee all match."
clean-settlement,ORDER,SYNTH-ORDER-000046,,SYNTH-INT-000046,SYNTH-PROC-000046,,MATCHED,L1_EXACT_ORDER_MATCH,0.00,"Merchant order ID, currency, gross amount and configured processor fee all match."
clean-settlement,ORDER,SYNTH-ORDER-000047,,SYNTH-INT-000047,SYNTH-PROC-000047,,MATCHED,L1_EXACT_ORDER_MATCH,0.00,"Merchant order ID, currency, gross amount and configured processor fee all match."
clean-settlement,ORDER,SYNTH-ORDER-000048,,SYNTH-INT-000048,SYNTH-PROC-000048,,MATCHED,L1_EXACT_ORDER_MATCH,0.00,"Merchant order ID, currency, gross amount and configured processor fee all match."
clean-settlement,ORDER,SYNTH-ORDER-000049,,SYNTH-INT-000049,SYNTH-PROC-000049,,MATCHED,L1_EXACT_ORDER_MATCH,0.00,"Merchant order ID, currency, gross amount and configured processor fee all match."
clean-settlement,ORDER,SYNTH-ORDER-000050,,SYNTH-INT-000050,SYNTH-PROC-000050,,MATCHED,L1_EXACT_ORDER_MATCH,0.00,"Merchant order ID, currency, gross amount and configured processor fee all match."
clean-settlement,ORDER,SYNTH-ORDER-000051,,SYNTH-INT-000051,SYNTH-PROC-000051,,MATCHED,L1_EXACT_ORDER_MATCH,0.00,"Merchant order ID, currency, gross amount and configured processor fee all match."
clean-settlement,ORDER,SYNTH-ORDER-000052,,SYNTH-INT-000052,SYNTH-PROC-000052,,MATCHED,L1_EXACT_ORDER_MATCH,0.00,"Merchant order ID, currency, gross amount and configured processor fee all match."
clean-settlement,ORDER,SYNTH-ORDER-000053,,SYNTH-INT-000053,SYNTH-PROC-000053,,MATCHED,L1_EXACT_ORDER_MATCH,0.00,"Merchant order ID, currency, gross amount and configured processor fee all match."
clean-settlement,ORDER,SYNTH-ORDER-000054,,SYNTH-INT-000054,SYNTH-PROC-000054,,MATCHED,L1_EXACT_ORDER_MATCH,0.00,"Merchant order ID, currency, gross amount and configured processor fee all match."
clean-settlement,ORDER,SYNTH-ORDER-000055,,SYNTH-INT-000055,SYNTH-PROC-000055,,MATCHED,L1_EXACT_ORDER_MATCH,0.00,"Merchant order ID, currency, gross amount and configured processor fee all match."
clean-settlement,ORDER,SYNTH-ORDER-000056,,SYNTH-INT-000056,SYNTH-PROC-000056,,MATCHED,L1_EXACT_ORDER_MATCH,0.00,"Merchant order ID, currency, gross amount and configured processor fee all match."
clean-settlement,ORDER,SYNTH-ORDER-000057,,SYNTH-INT-000057,SYNTH-PROC-000057,,MATCHED,L1_EXACT_ORDER_MATCH,0.00,"Merchant order ID, currency, gross amount and configured processor fee all match."
clean-settlement,ORDER,SYNTH-ORDER-000058,,SYNTH-INT-000058,SYNTH-PROC-000058,,MATCHED,L1_EXACT_ORDER_MATCH,0.00,"Merchant order ID, currency, gross amount and configured processor fee all match."
clean-settlement,ORDER,SYNTH-ORDER-000059,,SYNTH-INT-000059,SYNTH-PROC-000059,,MATCHED,L1_EXACT_ORDER_MATCH,0.00,"Merchant order ID, currency, gross amount and configured processor fee all match."
clean-settlement,ORDER,SYNTH-ORDER-000060,,SYNTH-INT-000060,SYNTH-PROC-000060,,MATCHED,L1_EXACT_ORDER_MATCH,0.00,"Merchant order ID, currency, gross amount and configured processor fee all match."
clean-settlement,ORDER,SYNTH-ORDER-000061,,SYNTH-INT-000061,SYNTH-PROC-000061,,MATCHED,L1_EXACT_ORDER_MATCH,0.00,"Merchant order ID, currency, gross amount and configured processor fee all match."
clean-settlement,ORDER,SYNTH-ORDER-000062,,SYNTH-INT-000062,SYNTH-PROC-000062,,MATCHED,L1_EXACT_ORDER_MATCH,0.00,"Merchant order ID, currency, gross amount and configured processor fee all match."
clean-settlement,ORDER,SYNTH-ORDER-000063,,SYNTH-INT-000063,SYNTH-PROC-000063,,MATCHED,L1_EXACT_ORDER_MATCH,0.00,"Merchant order ID, currency, gross amount and configured processor fee all match."
clean-settlement,ORDER,SYNTH-ORDER-000064,,SYNTH-INT-000064,SYNTH-PROC-000064,,MATCHED,L1_EXACT_ORDER_MATCH,0.00,"Merchant order ID, currency, gross amount and configured processor fee all match."
clean-settlement,ORDER,SYNTH-ORDER-000065,,SYNTH-INT-000065,SYNTH-PROC-000065,,MATCHED,L1_EXACT_ORDER_MATCH,0.00,"Merchant order ID, currency, gross amount and configured processor fee all match."
clean-settlement,ORDER,SYNTH-ORDER-000066,,SYNTH-INT-000066,SYNTH-PROC-000066,,MATCHED,L1_EXACT_ORDER_MATCH,0.00,"Merchant order ID, currency, gross amount and configured processor fee all match."
clean-settlement,ORDER,SYNTH-ORDER-000067,,SYNTH-INT-000067,SYNTH-PROC-000067,,MATCHED,L1_EXACT_ORDER_MATCH,0.00,"Merchant order ID, currency, gross amount and configured processor fee all match."
clean-settlement,ORDER,SYNTH-ORDER-000068,,SYNTH-INT-000068,SYNTH-PROC-000068,,MATCHED,L1_EXACT_ORDER_MATCH,0.00,"Merchant order ID, currency, gross amount and configured processor fee all match."
clean-settlement,ORDER,SYNTH-ORDER-000069,,SYNTH-INT-000069,SYNTH-PROC-000069,,MATCHED,L1_EXACT_ORDER_MATCH,0.00,"Merchant order ID, currency, gross amount and configured processor fee all match."
clean-settlement,ORDER,SYNTH-ORDER-000070,,SYNTH-INT-000070,SYNTH-PROC-000070,,MATCHED,L1_EXACT_ORDER_MATCH,0.00,"Merchant order ID, currency, gross amount and configured processor fee all match."
clean-settlement,ORDER,SYNTH-ORDER-000071,,SYNTH-INT-000071,SYNTH-PROC-000071,,MATCHED,L1_EXACT_ORDER_MATCH,0.00,"Merchant order ID, currency, gross amount and configured processor fee all match."
clean-settlement,ORDER,SYNTH-ORDER-000072,,SYNTH-INT-000072,SYNTH-PROC-000072,,MATCHED,L1_EXACT_ORDER_MATCH,0.00,"Merchant order ID, currency, gross amount and configured processor fee all match."
clean-settlement,ORDER,SYNTH-ORDER-000073,,SYNTH-INT-000073,SYNTH-PROC-000073,,MATCHED,L1_EXACT_ORDER_MATCH,0.00,"Merchant order ID, currency, gross amount and configured processor fee all match."
clean-settlement,ORDER,SYNTH-ORDER-000074,,SYNTH-INT-000074,SYNTH-PROC-000074,,MATCHED,L1_EXACT_ORDER_MATCH,0.00,"Merchant order ID, currency, gross amount and configured processor fee all match."
clean-settlement,ORDER,SYNTH-ORDER-000075,,SYNTH-INT-000075,SYNTH-PROC-000075,,MATCHED,L1_EXACT_ORDER_MATCH,0.00,"Merchant order ID, currency, gross amount and configured processor fee all match."
clean-settlement,ORDER,SYNTH-ORDER-000076,,SYNTH-INT-000076,SYNTH-PROC-000076,,MATCHED,L1_EXACT_ORDER_MATCH,0.00,"Merchant order ID, currency, gross amount and configured processor fee all match."
clean-settlement,ORDER,SYNTH-ORDER-000077,,SYNTH-INT-000077,SYNTH-PROC-000077,,MATCHED,L1_EXACT_ORDER_MATCH,0.00,"Merchant order ID, currency, gross amount and configured processor fee all match."
clean-settlement,ORDER,SYNTH-ORDER-000078,,SYNTH-INT-000078,SYNTH-PROC-000078,,MATCHED,L1_EXACT_ORDER_MATCH,0.00,"Merchant order ID, currency, gross amount and configured processor fee all match."
clean-settlement,ORDER,SYNTH-ORDER-000079,,SYNTH-INT-000079,SYNTH-PROC-000079,,MATCHED,L1_EXACT_ORDER_MATCH,0.00,"Merchant order ID, currency, gross amount and configured processor fee all match."
clean-settlement,ORDER,SYNTH-ORDER-000080,,SYNTH-INT-000080,SYNTH-PROC-000080,,MATCHED,L1_EXACT_ORDER_MATCH,0.00,"Merchant order ID, currency, gross amount and configured processor fee all match."
clean-settlement,ORDER,SYNTH-ORDER-000081,,SYNTH-INT-000081,SYNTH-PROC-000081,,MATCHED,L1_EXACT_ORDER_MATCH,0.00,"Merchant order ID, currency, gross amount and configured processor fee all match."
clean-settlement,ORDER,SYNTH-ORDER-000082,,SYNTH-INT-000082,SYNTH-PROC-000082,,MATCHED,L1_EXACT_ORDER_MATCH,0.00,"Merchant order ID, currency, gross amount and configured processor fee all match."
clean-settlement,ORDER,SYNTH-ORDER-000083,,SYNTH-INT-000083,SYNTH-PROC-000083,,MATCHED,L1_EXACT_ORDER_MATCH,0.00,"Merchant order ID, currency, gross amount and configured processor fee all match."
clean-settlement,ORDER,SYNTH-ORDER-000084,,SYNTH-INT-000084,SYNTH-PROC-000084,,MATCHED,L1_EXACT_ORDER_MATCH,0.00,"Merchant order ID, currency, gross amount and configured processor fee all match."
clean-settlement,ORDER,SYNTH-ORDER-000085,,SYNTH-INT-000085,SYNTH-PROC-000085,,MATCHED,L1_EXACT_ORDER_MATCH,0.00,"Merchant order ID, currency, gross amount and configured processor fee all match."
clean-settlement,ORDER,SYNTH-ORDER-000086,,SYNTH-INT-000086,SYNTH-PROC-000086,,MATCHED,L1_EXACT_ORDER_MATCH,0.00,"Merchant order ID, currency, gross amount and configured processor fee all match."
clean-settlement,ORDER,SYNTH-ORDER-000087,,SYNTH-INT-000087,SYNTH-PROC-000087,,MATCHED,L1_EXACT_ORDER_MATCH,0.00,"Merchant order ID, currency, gross amount and configured processor fee all match."
clean-settlement,ORDER,SYNTH-ORDER-000088,,SYNTH-INT-000088,SYNTH-PROC-000088,,MATCHED,L1_EXACT_ORDER_MATCH,0.00,"Merchant order ID, currency, gross amount and configured processor fee all match."
clean-settlement,ORDER,SYNTH-ORDER-000089,,SYNTH-INT-000089,SYNTH-PROC-000089,,MATCHED,L1_EXACT_ORDER_MATCH,0.00,"Merchant order ID, currency, gross amount and configured processor fee all match."
clean-settlement,ORDER,SYNTH-ORDER-000090,,SYNTH-INT-000090,SYNTH-PROC-000090,,MATCHED,L1_EXACT_ORDER_MATCH,0.00,"Merchant order ID, currency, gross amount and configured processor fee all match."
clean-settlement,ORDER,SYNTH-ORDER-000091,,SYNTH-INT-000091,SYNTH-PROC-000091,,MATCHED,L1_EXACT_ORDER_MATCH,0.00,"Merchant order ID, currency, gross amount and configured processor fee all match."
clean-settlement,ORDER,SYNTH-ORDER-000092,,SYNTH-INT-000092,SYNTH-PROC-000092,,MATCHED,L1_EXACT_ORDER_MATCH,0.00,"Merchant order ID, currency, gross amount and configured processor fee all match."
clean-settlement,ORDER,SYNTH-ORDER-000093,,SYNTH-INT-000093,SYNTH-PROC-000093,,MATCHED,L1_EXACT_ORDER_MATCH,0.00,"Merchant order ID, currency, gross amount and configured processor fee all match."
clean-settlement,ORDER,SYNTH-ORDER-000094,,SYNTH-INT-000094,SYNTH-PROC-000094,,MATCHED,L1_EXACT_ORDER_MATCH,0.00,"Merchant order ID, currency, gross amount and configured processor fee all match."
clean-settlement,ORDER,SYNTH-ORDER-000095,,SYNTH-INT-000095,SYNTH-PROC-000095,,MATCHED,L1_EXACT_ORDER_MATCH,0.00,"Merchant order ID, currency, gross amount and configured processor fee all match."
clean-settlement,ORDER,SYNTH-ORDER-000096,,SYNTH-INT-000096,SYNTH-PROC-000096,,MATCHED,L1_EXACT_ORDER_MATCH,0.00,"Merchant order ID, currency, gross amount and configured processor fee all match."
clean-settlement,ORDER,SYNTH-ORDER-000097,,SYNTH-INT-000097,SYNTH-PROC-000097,,MATCHED,L1_EXACT_ORDER_MATCH,0.00,"Merchant order ID, currency, gross amount and configured processor fee all match."
clean-settlement,ORDER,SYNTH-ORDER-000098,,SYNTH-INT-000098,SYNTH-PROC-000098,,MATCHED,L1_EXACT_ORDER_MATCH,0.00,"Merchant order ID, currency, gross amount and configured processor fee all match."
clean-settlement,ORDER,SYNTH-ORDER-000099,,SYNTH-INT-000099,SYNTH-PROC-000099,,MATCHED,L1_EXACT_ORDER_MATCH,0.00,"Merchant order ID, currency, gross amount and configured processor fee all match."
clean-settlement,ORDER,SYNTH-ORDER-000100,,SYNTH-INT-000100,SYNTH-PROC-000100,,MATCHED,L1_EXACT_ORDER_MATCH,0.00,"Merchant order ID, currency, gross amount and configured processor fee all match."
clean-settlement,SETTLEMENT,SYNTH-BATCH-USD-2026-01-03-0000,SYNTH-BATCH-USD-2026-01-03-0000,,,SYNTH-BANK-000001,MATCHED,L2_EXACT_SETTLEMENT_MATCH,0.00,"The bank entry matches the processor batch currency, expected net credit and settlement window."
clean-settlement,SETTLEMENT,SYNTH-BATCH-USD-2026-01-04-0000,SYNTH-BATCH-USD-2026-01-04-0000,,,SYNTH-BANK-000002,MATCHED,L2_EXACT_SETTLEMENT_MATCH,0.00,"The bank entry matches the processor batch currency, expected net credit and settlement window."
clean-settlement,SETTLEMENT,SYNTH-BATCH-USD-2026-01-05-0000,SYNTH-BATCH-USD-2026-01-05-0000,,,SYNTH-BANK-000003,MATCHED,L2_EXACT_SETTLEMENT_MATCH,0.00,"The bank entry matches the processor batch currency, expected net credit and settlement window."
clean-settlement,SETTLEMENT,SYNTH-BATCH-USD-2026-01-06-0000,SYNTH-BATCH-USD-2026-01-06-0000,,,SYNTH-BANK-000004,MATCHED,L2_EXACT_SETTLEMENT_MATCH,0.00,"The bank entry matches the processor batch currency, expected net credit and settlement window."
clean-settlement,SETTLEMENT,SYNTH-BATCH-USD-2026-01-07-0000,SYNTH-BATCH-USD-2026-01-07-0000,,,SYNTH-BANK-000005,MATCHED,L2_EXACT_SETTLEMENT_MATCH,0.00,"The bank entry matches the processor batch currency, expected net credit and settlement window."
clean-settlement,SETTLEMENT,SYNTH-BATCH-USD-2026-01-08-0000,SYNTH-BATCH-USD-2026-01-08-0000,,,SYNTH-BANK-000006,MATCHED,L2_EXACT_SETTLEMENT_MATCH,0.00,"The bank entry matches the processor batch currency, expected net credit and settlement window."
clean-settlement,SETTLEMENT,SYNTH-BATCH-USD-2026-01-09-0000,SYNTH-BATCH-USD-2026-01-09-0000,,,SYNTH-BANK-000007,MATCHED,L2_EXACT_SETTLEMENT_MATCH,0.00,"The bank entry matches the processor batch currency, expected net credit and settlement window."
