internal_payment_id,merchant_order_id,occurred_at,gross_amount,currency,payment_status,payment_method,synthetic_customer_reference
SYNTH-INT-000001,SYNTH-ORDER-000001,2026-01-01T02:27:44Z,1278.74,USD,CAPTURED,WALLET_SYNTHETIC,SYNTH-CUSTOMER-000001
SYNTH-INT-000002,SYNTH-ORDER-000002,2026-01-02T05:08:40Z,959.03,USD,CAPTURED,TRANSFER_SYNTHETIC,SYNTH-CUSTOMER-000002
SYNTH-INT-000003,SYNTH-ORDER-000003,2026-01-03T07:04:48Z,1304.44,USD,CAPTURED,CARD_SYNTHETIC,SYNTH-CUSTOMER-000003
SYNTH-INT-000004,SYNTH-ORDER-000004,2026-01-04T09:00:30Z,1506.47,USD,CAPTURED,WALLET_SYNTHETIC,SYNTH-CUSTOMER-000004
SYNTH-INT-000005,SYNTH-ORDER-000005,2026-01-05T11:08:02Z,2052.98,USD,CAPTURED,TRANSFER_SYNTHETIC,SYNTH-CUSTOMER-000005
SYNTH-INT-000006,SYNTH-ORDER-000006,2026-01-06T14:02:17Z,2487.43,USD,CAPTURED,CARD_SYNTHETIC,SYNTH-CUSTOMER-000006
SYNTH-INT-000007,SYNTH-ORDER-000007,2026-01-07T15:36:20Z,765.03,USD,CAPTURED,WALLET_SYNTHETIC,SYNTH-CUSTOMER-000007
SYNTH-INT-000008,SYNTH-ORDER-000008,2026-01-01T18:20:17Z,2425.32,USD,CAPTURED,TRANSFER_SYNTHETIC,SYNTH-CUSTOMER-000008
SYNTH-INT-000009,SYNTH-ORDER-000009,2026-01-02T20:35:01Z,335.41,USD,CAPTURED,CARD_SYNTHETIC,SYNTH-CUSTOMER-000009
SYNTH-INT-000010,SYNTH-ORDER-000010,2026-01-03T22:38:14Z,2485.50,USD,CAPTURED,WALLET_SYNTHETIC,SYNTH-CUSTOMER-000010
SYNTH-INT-000011,SYNTH-ORDER-000011,2026-01-04T00:48:49Z,2445.44,USD,CAPTURED,TRANSFER_SYNTHETIC,SYNTH-CUSTOMER-000011
SYNTH-INT-000012,SYNTH-ORDER-000012,2026-01-05T03:08:12Z,2081.43,USD,CAPTURED,CARD_SYNTHETIC,SYNTH-CUSTOMER-000012
SYNTH-INT-000013,SYNTH-ORDER-000013,2026-01-06T04:55:39Z,913.23,USD,CAPTURED,WALLET_SYNTHETIC,SYNTH-CUSTOMER-000013
SYNTH-INT-000014,SYNTH-ORDER-000014,2026-01-07T06:56:01Z,337.01,USD,CAPTURED,TRANSFER_SYNTHETIC,SYNTH-CUSTOMER-000014
SYNTH-INT-000015,SYNTH-ORDER-000015,2026-01-01T09:38:10Z,2300.72,USD,CAPTURED,CARD_SYNTHETIC,SYNTH-CUSTOMER-000015
SYNTH-INT-000016,SYNTH-ORDER-000016,2026-01-02T11:14:55Z,1287.29,USD,CAPTURED,WALLET_SYNTHETIC,SYNTH-CUSTOMER-000016
SYNTH-INT-000017,SYNTH-ORDER-000017,2026-01-03T13:31:42Z,761.14,USD,CAPTURED,TRANSFER_SYNTHETIC,SYNTH-CUSTOMER-000017
SYNTH-INT-000018,SYNTH-ORDER-000018,2026-01-04T16:33:03Z,1163.21,USD,CAPTURED,CARD_SYNTHETIC,SYNTH-CUSTOMER-000018
SYNTH-INT-000019,SYNTH-ORDER-000019,2026-01-05T18:42:37Z,1073.80,USD,CAPTURED,WALLET_SYNTHETIC,SYNTH-CUSTOMER-000019
SYNTH-INT-000020,SYNTH-ORDER-000020,2026-01-06T20:19:42Z,48.73,USD,CAPTURED,TRANSFER_SYNTHETIC,SYNTH-CUSTOMER-000020
SYNTH-INT-000021,SYNTH-ORDER-000021,2026-01-07T22:22:47Z,729.25,USD,CAPTURED,CARD_SYNTHETIC,SYNTH-CUSTOMER-000021
SYNTH-INT-000022,SYNTH-ORDER-000022,2026-01-01T00:28:02Z,1387.06,USD,CAPTURED,WALLET_SYNTHETIC,SYNTH-CUSTOMER-000022
SYNTH-INT-000023,SYNTH-ORDER-000023,2026-01-02T02:41:02Z,1437.16,USD,CAPTURED,TRANSFER_SYNTHETIC,SYNTH-CUSTOMER-000023
SYNTH-INT-000024,SYNTH-ORDER-000024,2026-01-03T05:28:03Z,1268.90,USD,CAPTURED,CARD_SYNTHETIC,SYNTH-CUSTOMER-000024
SYNTH-INT-000025,SYNTH-ORDER-000025,2026-01-04T07:22:22Z,1602.31,USD,CAPTURED,WALLET_SYNTHETIC,SYNTH-CUSTOMER-000025
SYNTH-INT-000026,SYNTH-ORDER-000026,2026-01-05T09:43:38Z,2124.09,USD,CAPTURED,TRANSFER_SYNTHETIC,SYNTH-CUSTOMER-000026
SYNTH-INT-000027,SYNTH-ORDER-000027,2026-01-06T11:45:06Z,2255.68,USD,CAPTURED,CARD_SYNTHETIC,SYNTH-CUSTOMER-000027
SYNTH-INT-000028,SYNTH-ORDER-000028,2026-01-07T14:30:33Z,1215.62,USD,CAPTURED,WALLET_SYNTHETIC,SYNTH-CUSTOMER-000028
SYNTH-INT-000029,SYNTH-ORDER-000029,2026-01-01T16:35:28Z,2232.77,USD,CAPTURED,TRANSFER_SYNTHETIC,SYNTH-CUSTOMER-000029
SYNTH-INT-000030,SYNTH-ORDER-000030,2026-01-02T18:16:47Z,1815.34,USD,CAPTURED,CARD_SYNTHETIC,SYNTH-CUSTOMER-000030
SYNTH-INT-000031,SYNTH-ORDER-000031,2026-01-03T20:24:20Z,571.97,USD,CAPTURED,WALLET_SYNTHETIC,SYNTH-CUSTOMER-000031
SYNTH-INT-000032,SYNTH-ORDER-000032,2026-01-04T22:29:57Z,1173.13,USD,CAPTURED,TRANSFER_SYNTHETIC,SYNTH-CUSTOMER-000032
SYNTH-INT-000033,SYNTH-ORDER-000033,2026-01-05T00:41:28Z,1959.72,USD,CAPTURED,CARD_SYNTHETIC,SYNTH-CUSTOMER-000033
SYNTH-INT-000034,SYNTH-ORDER-000034,2026-01-06T03:10:33Z,1682.53,USD,CAPTURED,WALLET_SYNTHETIC,SYNTH-CUSTOMER-000034
SYNTH-INT-000035,SYNTH-ORDER-000035,2026-01-07T05:42:56Z,440.56,USD,CAPTURED,TRANSFER_SYNTHETIC,SYNTH-CUSTOMER-000035
SYNTH-INT-000036,SYNTH-ORDER-000036,2026-01-01T07:12:57Z,1204.12,USD,CAPTURED,CARD_SYNTHETIC,SYNTH-CUSTOMER-000036
SYNTH-INT-000037,SYNTH-ORDER-000037,2026-01-02T10:15:45Z,1174.22,USD,CAPTURED,WALLET_SYNTHETIC,SYNTH-CUSTOMER-000037
SYNTH-INT-000038,SYNTH-ORDER-000038,2026-01-03T12:24:56Z,1871.76,USD,CAPTURED,TRANSFER_SYNTHETIC,SYNTH-CUSTOMER-000038
SYNTH-INT-000039,SYNTH-ORDER-000039,2026-01-04T13:51:28Z,722.00,USD,CAPTURED,CARD_SYNTHETIC,SYNTH-CUSTOMER-000039
SYNTH-INT-000040,SYNTH-ORDER-000040,2026-01-05T16:49:57Z,445.09,USD,CAPTURED,WALLET_SYNTHETIC,SYNTH-CUSTOMER-000040
SYNTH-INT-000041,SYNTH-ORDER-000041,2026-01-06T18:22:29Z,2333.15,USD,CAPTURED,TRANSFER_SYNTHETIC,SYNTH-CUSTOMER-000041
SYNTH-INT-000042,SYNTH-ORDER-000042,2026-01-07T20:32:55Z,802.72,USD,CAPTURED,CARD_SYNTHETIC,SYNTH-CUSTOMER-000042
SYNTH-INT-000043,SYNTH-ORDER-000043,2026-01-01T23:17:38Z,596.11,USD,CAPTURED,WALLET_SYNTHETIC,SYNTH-CUSTOMER-000043
SYNTH-INT-000044,SYNTH-ORDER-000044,2026-01-02T01:22:38Z,888.02,USD,CAPTURED,TRANSFER_SYNTHETIC,SYNTH-CUSTOMER-000044
SYNTH-INT-000045,SYNTH-ORDER-000045,2026-01-03T03:47:12Z,308.61,USD,CAPTURED,CARD_SYNTHETIC,SYNTH-CUSTOMER-000045
SYNTH-INT-000046,SYNTH-ORDER-000046,2026-01-04T05:19:49Z,1365.15,USD,CAPTURED,WALLET_SYNTHETIC,SYNTH-CUSTOMER-000046
SYNTH-INT-000047,SYNTH-ORDER-000047,2026-01-05T08:16:41Z,2191.81,USD,CAPTURED,TRANSFER_SYNTHETIC,SYNTH-CUSTOMER-000047
SYNTH-INT-000048,SYNTH-ORDER-000048,2026-01-06T10:27:06Z,460.95,USD,CAPTURED,CARD_SYNTHETIC,SYNTH-CUSTOMER-000048
SYNTH-INT-000049,SYNTH-ORDER-000049,2026-01-07T12:11:49Z,1040.18,USD,CAPTURED,WALLET_SYNTHETIC,SYNTH-CUSTOMER-000049
SYNTH-INT-000050,SYNTH-ORDER-000050,2026-01-01T14:33:46Z,89.08,USD,CAPTURED,TRANSFER_SYNTHETIC,SYNTH-CUSTOMER-000050
SYNTH-INT-000051,SYNTH-ORDER-000051,2026-01-02T16:48:12Z,1615.84,USD,CAPTURED,CARD_SYNTHETIC,SYNTH-CUSTOMER-000051
SYNTH-INT-000052,SYNTH-ORDER-000052,2026-01-03T19:18:37Z,212.38,USD,CAPTURED,WALLET_SYNTHETIC,SYNTH-CUSTOMER-000052
SYNTH-INT-000053,SYNTH-ORDER-000053,2026-01-04T20:46:02Z,2297.97,USD,CAPTURED,TRANSFER_SYNTHETIC,SYNTH-CUSTOMER-000053
SYNTH-INT-000054,SYNTH-ORDER-000054,2026-01-05T23:41:58Z,1077.69,USD,CAPTURED,CARD_SYNTHETIC,SYNTH-CUSTOMER-000054
SYNTH-INT-000055,SYNTH-ORDER-000055,2026-01-06T01:46:27Z,1653.82,USD,CAPTURED,WALLET_SYNTHETIC,SYNTH-CUSTOMER-000055
SYNTH-INT-000056,SYNTH-ORDER-000056,2026-01-07T03:55:31Z,1581.67,USD,CAPTURED,TRANSFER_SYNTHETIC,SYNTH-CUSTOMER-000056
SYNTH-INT-000057,SYNTH-ORDER-000057,2026-01-01T06:08:05Z,277.33,USD,CAPTURED,CARD_SYNTHETIC,SYNTH-CUSTOMER-000057
SYNTH-INT-000058,SYNTH-ORDER-000058,2026-01-02T08:31:40Z,1903.21,USD,CAPTURED,WALLET_SYNTHETIC,SYNTH-CUSTOMER-000058
SYNTH-INT-000059,SYNTH-ORDER-000059,2026-01-03T10:11:50Z,2495.80,USD,CAPTURED,TRANSFER_SYNTHETIC,SYNTH-CUSTOMER-000059
SYNTH-INT-000060,SYNTH-ORDER-000060,2026-01-04T12:42:13Z,714.24,USD,CAPTURED,CARD_SYNTHETIC,SYNTH-CUSTOMER-000060
SYNTH-INT-000061,SYNTH-ORDER-000061,2026-01-05T14:53:18Z,1271.68,USD,CAPTURED,WALLET_SYNTHETIC,SYNTH-CUSTOMER-000061
SYNTH-INT-000062,SYNTH-ORDER-000062,2026-01-06T17:07:53Z,1839.72,USD,CAPTURED,TRANSFER_SYNTHETIC,SYNTH-CUSTOMER-000062
SYNTH-INT-000063,SYNTH-ORDER-000063,2026-01-07T19:34:32Z,2472.32,USD,CAPTURED,CARD_SYNTHETIC,SYNTH-CUSTOMER-000063
SYNTH-INT-000064,SYNTH-ORDER-000064,2026-01-01T21:44:20Z,133.00,USD,CAPTURED,WALLET_SYNTHETIC,SYNTH-CUSTOMER-000064
SYNTH-INT-000065,SYNTH-ORDER-000065,2026-01-02T23:18:42Z,1473.40,USD,CAPTURED,TRANSFER_SYNTHETIC,SYNTH-CUSTOMER-000065
SYNTH-INT-000066,SYNTH-ORDER-000066,2026-01-03T01:59:08Z,1256.12,USD,CAPTURED,CARD_SYNTHETIC,SYNTH-CUSTOMER-000066
SYNTH-INT-000067,SYNTH-ORDER-000067,2026-01-04T04:01:43Z,99.91,USD,CAPTURED,WALLET_SYNTHETIC,SYNTH-CUSTOMER-000067
SYNTH-INT-000068,SYNTH-ORDER-000068,2026-01-05T05:48:19Z,770.25,USD,CAPTURED,TRANSFER_SYNTHETIC,SYNTH-CUSTOMER-000068
SYNTH-INT-000069,SYNTH-ORDER-000069,2026-01-06T08:41:30Z,532.47,USD,CAPTURED,CARD_SYNTHETIC,SYNTH-CUSTOMER-000069
SYNTH-INT-000070,SYNTH-ORDER-000070,2026-01-07T10:41:44Z,378.23,USD,CAPTURED,WALLET_SYNTHETIC,SYNTH-CUSTOMER-000070
SYNTH-INT-000071,SYNTH-ORDER-000071,2026-01-01T13:05:22Z,132.62,USD,CAPTURED,TRANSFER_SYNTHETIC,SYNTH-CUSTOMER-000071
SYNTH-INT-000072,SYNTH-ORDER-000072,2026-01-02T15:18:18Z,625.42,USD,CAPTURED,CARD_SYNTHETIC,SYNTH-CUSTOMER-000072
SYNTH-INT-000073,SYNTH-ORDER-000073,2026-01-03T17:29:28Z,1889.05,USD,CAPTURED,WALLET_SYNTHETIC,SYNTH-CUSTOMER-000073
SYNTH-INT-000074,SYNTH-ORDER-000074,2026-01-04T19:04:46Z,538.35,USD,CAPTURED,TRANSFER_SYNTHETIC,SYNTH-CUSTOMER-000074
SYNTH-INT-000075,SYNTH-ORDER-000075,2026-01-05T21:04:47Z,370.45,USD,CAPTURED,CARD_SYNTHETIC,SYNTH-CUSTOMER-000075
SYNTH-INT-000076,SYNTH-ORDER-000076,2026-01-06T23:24:51Z,119.49,USD,CAPTURED,WALLET_SYNTHETIC,SYNTH-CUSTOMER-000076
SYNTH-INT-000077,SYNTH-ORDER-000077,2026-01-07T01:59:52Z,1805.83,USD,CAPTURED,TRANSFER_SYNTHETIC,SYNTH-CUSTOMER-000077
SYNTH-INT-000078,SYNTH-ORDER-000078,2026-01-01T04:17:42Z,970.87,USD,CAPTURED,CARD_SYNTHETIC,SYNTH-CUSTOMER-000078
SYNTH-INT-000079,SYNTH-ORDER-000079,2026-01-02T05:50:25Z,317.72,USD,CAPTURED,WALLET_SYNTHETIC,SYNTH-CUSTOMER-000079
SYNTH-INT-000080,SYNTH-ORDER-000080,2026-01-03T08:55:18Z,418.48,USD,CAPTURED,TRANSFER_SYNTHETIC,SYNTH-CUSTOMER-000080
SYNTH-INT-000081,SYNTH-ORDER-000081,2026-01-04T10:42:06Z,1853.19,USD,CAPTURED,CARD_SYNTHETIC,SYNTH-CUSTOMER-000081
SYNTH-INT-000082,SYNTH-ORDER-000082,2026-01-05T12:31:56Z,2461.94,USD,CAPTURED,WALLET_SYNTHETIC,SYNTH-CUSTOMER-000082
SYNTH-INT-000083,SYNTH-ORDER-000083,2026-01-06T14:49:54Z,1566.81,USD,CAPTURED,TRANSFER_SYNTHETIC,SYNTH-CUSTOMER-000083
SYNTH-INT-000084,SYNTH-ORDER-000084,2026-01-07T17:12:29Z,1437.79,USD,CAPTURED,CARD_SYNTHETIC,SYNTH-CUSTOMER-000084
SYNTH-INT-000085,SYNTH-ORDER-000085,2026-01-01T19:44:10Z,1706.24,USD,CAPTURED,WALLET_SYNTHETIC,SYNTH-CUSTOMER-000085
SYNTH-INT-000086,SYNTH-ORDER-000086,2026-01-02T21:42:39Z,2382.24,USD,CAPTURED,TRANSFER_SYNTHETIC,SYNTH-CUSTOMER-000086
SYNTH-INT-000087,SYNTH-ORDER-000087,2026-01-03T00:15:47Z,467.12,USD,CAPTURED,CARD_SYNTHETIC,SYNTH-CUSTOMER-000087
SYNTH-INT-000088,SYNTH-ORDER-000088,2026-01-04T01:52:29Z,1359.12,USD,CAPTURED,WALLET_SYNTHETIC,SYNTH-CUSTOMER-000088
SYNTH-INT-000089,SYNTH-ORDER-000089,2026-01-05T04:18:55Z,616.07,USD,CAPTURED,TRANSFER_SYNTHETIC,SYNTH-CUSTOMER-000089
SYNTH-INT-000090,SYNTH-ORDER-000090,2026-01-06T06:32:45Z,2369.81,USD,CAPTURED,CARD_SYNTHETIC,SYNTH-CUSTOMER-000090
SYNTH-INT-000091,SYNTH-ORDER-000091,2026-01-07T08:47:20Z,1918.27,USD,CAPTURED,WALLET_SYNTHETIC,SYNTH-CUSTOMER-000091
SYNTH-INT-000092,SYNTH-ORDER-000092,2026-01-01T10:24:14Z,291.83,USD,CAPTURED,TRANSFER_SYNTHETIC,SYNTH-CUSTOMER-000092
SYNTH-INT-000093,SYNTH-ORDER-000093,2026-01-02T12:36:55Z,219.41,USD,CAPTURED,CARD_SYNTHETIC,SYNTH-CUSTOMER-000093
SYNTH-INT-000094,SYNTH-ORDER-000094,2026-01-03T15:46:18Z,511.15,USD,CAPTURED,WALLET_SYNTHETIC,SYNTH-CUSTOMER-000094
SYNTH-INT-000095,SYNTH-ORDER-000095,2026-01-04T17:10:20Z,1608.12,USD,CAPTURED,TRANSFER_SYNTHETIC,SYNTH-CUSTOMER-000095
SYNTH-INT-000096,SYNTH-ORDER-000096,2026-01-05T19:45:48Z,1065.94,USD,CAPTURED,CARD_SYNTHETIC,SYNTH-CUSTOMER-000096
SYNTH-INT-000097,SYNTH-ORDER-000097,2026-01-06T21:27:34Z,1337.96,USD,CAPTURED,WALLET_SYNTHETIC,SYNTH-CUSTOMER-000097
SYNTH-INT-000098,SYNTH-ORDER-000098,2026-01-07T00:00:17Z,141.67,USD,CAPTURED,TRANSFER_SYNTHETIC,SYNTH-CUSTOMER-000098
SYNTH-INT-000099,SYNTH-ORDER-000099,2026-01-01T02:15:49Z,2255.06,USD,CAPTURED,CARD_SYNTHETIC,SYNTH-CUSTOMER-000099
SYNTH-INT-000100,SYNTH-ORDER-000100,2026-01-02T04:00:06Z,2258.32,USD,CAPTURED,WALLET_SYNTHETIC,SYNTH-CUSTOMER-000100
